"step";"type";"amount";"nameOrig";"oldbalanceOrg";"newbalanceOrg";"nameDest";"oldbalanceDest";"newbalanceDest";"isFraud";"isFlaggedFraud"
351;"CASH_OUT";199589.09;"C588249386";126219.0;0.0;"C543409838";0.0;199589.09;0;0
163;"CASH_IN";293514.83;"C152370623";62303.0;355817.83;"C261355078";109626.05;0.0;0;0
304;"PAYMENT";23495.24;"C216018587";93107.43;69612.19;"M748419656";0.0;0.0;0;0
227;"PAYMENT";10366.22;"C822398033";15658.0;5291.78;"M642015099";0.0;0.0;0;0
163;"PAYMENT";3117.88;"C1700028951";0.0;0.0;"M985172023";0.0;0.0;0;0
9;"CASH_OUT";274259.58;"C1554061089";744.0;0.0;"C1459757869";4417389.62;5496339.48;0;0
257;"PAYMENT";6873.54;"C858281907";147719.62;140846.08;"M1431520052";0.0;0.0;0;0
160;"CASH_IN";92040.93;"C1887805468";4281975.82;4374016.75;"C2123462604";1074477.3;982436.37;0;0
403;"CASH_OUT";100792.53;"C90351318";4573.0;0.0;"C631306885";435433.82;536226.34;0;0
476;"PAYMENT";4462.15;"C715141775";1187.0;0.0;"M1646469158";0.0;0.0;0;0
404;"PAYMENT";9544.1;"C1240831971";0.0;0.0;"M117110448";0.0;0.0;0;0
6;"CASH_IN";189896.16;"C979049207";7529643.29;7719539.45;"C625088521";202016.19;12120.03;0;0
379;"CASH_OUT";128652.71;"C528471200";0.0;0.0;"C1291269130";489438.09;618090.8;0;0
306;"PAYMENT";3708.01;"C174924239";0.0;0.0;"M2081429721";0.0;0.0;0;0
403;"CASH_OUT";151397.52;"C1651892886";952.0;0.0;"C712856625";86922.48;238320.0;0;0
37;"PAYMENT";4040.64;"C1433315631";0.0;0.0;"M210773095";0.0;0.0;0;0
403;"PAYMENT";2419.02;"C391294540";263062.68;260643.66;"M1945607538";0.0;0.0;0;0
235;"CASH_IN";144445.02;"C696132761";2392014.31;2536459.34;"C2012156273";202986.19;58541.16;0;0
141;"CASH_IN";147602.14;"C1443641357";14958951.61;15106553.75;"C415307662";594288.68;446686.54;0;0
233;"CASH_IN";98660.47;"C1716554181";4161601.91;4260262.38;"C1936166131";1948298.64;1849638.17;0;0
18;"CASH_IN";74502.14;"C1298406560";7386855.85;7461357.98;"C1889395764";23460415.73;22870556.61;0;0
492;"CASH_OUT";50710.01;"C1675682040";0.0;0.0;"C1570098350";171407.2;222117.21;0;0
509;"PAYMENT";4922.99;"C1588351979";193041.0;188118.01;"M1423659622";0.0;0.0;0;0
11;"CASH_OUT";512751.31;"C1882373487";0.0;0.0;"C951716676";1203356.54;2024753.61;0;0
34;"CASH_OUT";215085.19;"C626144272";0.0;0.0;"C849028719";1960730.15;1922002.08;0;0
302;"TRANSFER";248467.69;"C741557732";165035.0;0.0;"C759254753";11771.62;260239.31;0;0
284;"CASH_IN";169036.45;"C685717026";10815.0;179851.45;"C1676848759";1400914.75;1231878.29;0;0
369;"PAYMENT";22197.09;"C832537697";14931.0;0.0;"M1518973012";0.0;0.0;0;0
590;"CASH_OUT";334177.32;"C2056168744";22168.0;0.0;"C611291279";0.0;334177.32;0;0
330;"PAYMENT";19082.72;"C740119048";9693.0;0.0;"M445062613";0.0;0.0;0;0
322;"CASH_OUT";75490.19;"C2026191426";166487.86;90997.67;"C62275629";962886.38;1038376.57;0;0
324;"CASH_OUT";38202.58;"C1338011484";0.0;0.0;"C737144724";145747.62;183950.2;0;0
226;"CASH_OUT";174157.07;"C1823132315";0.0;0.0;"C1659384614";5880569.53;6054726.6;0;0
10;"CASH_OUT";283263.81;"C53098083";0.0;0.0;"C1423413624";1234573.15;1517836.96;0;0
16;"CASH_IN";41551.75;"C1688332466";495765.15;537316.9;"C371132388";326678.1;545327.69;0;0
183;"CASH_IN";22003.8;"C746360569";3039914.96;3061918.76;"C37731659";1716726.38;2031084.59;0;0
129;"CASH_OUT";71028.2;"C593762481";200.48;0.0;"C776294364";81578.39;152606.58;0;0
278;"PAYMENT";2778.97;"C825275754";0.0;0.0;"M745055392";0.0;0.0;0;0
13;"CASH_IN";204926.56;"C1199956874";30974.0;235900.56;"C459903071";2417796.93;2212870.37;0;0
381;"CASH_OUT";14400.0;"C1968435603";51494.0;37094.0;"C1959629094";2060293.85;2074693.85;0;0
182;"CASH_OUT";461993.83;"C1183931900";0.0;0.0;"C234092234";726380.53;1188374.36;0;0
156;"CASH_OUT";185895.28;"C1038053628";0.0;0.0;"C1299719294";209757.46;395652.75;0;0
333;"CASH_IN";31408.28;"C291452617";4847146.87;4878555.15;"C586452213";45288.49;13880.21;0;0
395;"CASH_OUT";300022.1;"C1311721588";292.0;0.0;"C1754164558";6858899.97;7158922.07;0;0
348;"PAYMENT";19127.34;"C947911015";0.0;0.0;"M1141385286";0.0;0.0;0;0
279;"CASH_OUT";103801.09;"C1242304988";0.0;0.0;"C1661671605";7575580.71;7679381.81;0;0
544;"CASH_IN";317575.47;"C639100026";8844652.13;9162227.6;"C1551671297";7556356.89;7238781.42;0;0
227;"CASH_OUT";239096.65;"C1779827217";19316.0;0.0;"C735631358";3242090.08;3481186.74;0;0
250;"PAYMENT";49545.03;"C292393380";0.0;0.0;"M521465";0.0;0.0;0;0
374;"PAYMENT";21671.45;"C403944193";1270.0;0.0;"M483601144";0.0;0.0;0;0
283;"PAYMENT";56109.81;"C1286813061";335336.3;279226.48;"M1080079001";0.0;0.0;0;0
227;"CASH_IN";20440.95;"C1591621173";50387.0;70827.95;"C401641936";143322.77;122881.81;0;0
398;"CASH_OUT";98612.66;"C290542705";0.0;0.0;"C252357921";6526338.04;6624950.71;0;0
229;"CASH_IN";123223.86;"C438671336";0.0;123223.86;"C993050842";674719.24;551495.37;0;0
206;"CASH_IN";186285.14;"C66489347";4176249.25;4362534.38;"C1751252982";1166069.63;979784.49;0;0
396;"PAYMENT";11558.86;"C1867125007";160759.69;149200.83;"M1275013499";0.0;0.0;0;0
94;"PAYMENT";12703.33;"C1519062209";928.0;0.0;"M932467136";0.0;0.0;0;0
237;"PAYMENT";5051.39;"C996255817";25.0;0.0;"M494775520";0.0;0.0;0;0
155;"CASH_IN";74607.05;"C394355313";7890832.18;7965439.23;"C1524903038";2209121.45;2134514.4;0;0
350;"PAYMENT";12471.49;"C978997948";121343.0;108871.51;"M1819367190";0.0;0.0;0;0
129;"CASH_OUT";149860.3;"C1718222572";109.0;0.0;"C1864301326";77972.96;227833.26;0;0
237;"CASH_IN";30717.59;"C693153459";151018.11;181735.71;"C64560811";0.0;0.0;0;0
304;"CASH_IN";118714.36;"C1952827420";122087.0;240801.36;"C1519063879";88365.58;0.0;0;0
379;"CASH_OUT";243248.47;"C907458534";25266.0;0.0;"C1239578457";1217883.66;1461132.13;0;0
259;"CASH_OUT";235036.38;"C528775749";71432.0;0.0;"C1197074183";28712.0;263748.38;0;0
283;"PAYMENT";11689.72;"C2031405368";0.0;0.0;"M2060786615";0.0;0.0;0;0
239;"PAYMENT";562.14;"C1130411672";51734.0;51171.86;"M1958706757";0.0;0.0;0;0
180;"TRANSFER";1330107.79;"C895143033";0.0;0.0;"C2064944427";1503554.35;2833662.14;0;0
420;"CASH_IN";317224.13;"C1409711642";45362.0;362586.13;"C1883240995";3001760.18;2684536.05;0;0
403;"CASH_IN";37440.1;"C462003260";4029380.62;4066820.71;"C1945083429";1890657.38;1853217.28;0;0
182;"CASH_IN";45178.85;"C576147756";2955287.09;3000465.94;"C1886671114";133605.5;88426.64;0;0
134;"CASH_OUT";111136.35;"C450678262";0.0;0.0;"C1783357479";1017893.17;1129029.52;0;0
121;"PAYMENT";12129.49;"C1162333981";10176.0;0.0;"M1928382151";0.0;0.0;0;0
395;"TRANSFER";207728.84;"C435901630";0.0;0.0;"C428337375";209430.76;417159.6;0;0
397;"CASH_IN";58782.22;"C294979054";5810998.58;5869780.8;"C1715564990";3389216.57;3330434.35;0;0
166;"PAYMENT";724.26;"C1991800743";102144.0;101419.74;"M1127053645";0.0;0.0;0;0
180;"TRANSFER";261588.38;"C416286722";0.0;0.0;"C14289904";1332125.16;1593713.54;0;0
378;"CASH_IN";168877.07;"C1662383557";620406.42;789283.48;"C1741918377";590487.0;165628.61;0;0
275;"PAYMENT";13113.67;"C946914913";0.0;0.0;"M1855050766";0.0;0.0;0;0
260;"PAYMENT";14264.04;"C1368467635";2088.0;0.0;"M1587958310";0.0;0.0;0;0
279;"PAYMENT";3182.09;"C1832252836";244892.0;241709.91;"M903029905";0.0;0.0;0;0
400;"PAYMENT";17276.88;"C2013147047";20906.0;3629.12;"M1136095483";0.0;0.0;0;0
138;"PAYMENT";107.95;"C381913751";19893.0;19785.05;"M1700453779";0.0;0.0;0;0
182;"PAYMENT";20501.74;"C1980397704";303226.28;282724.54;"M139196191";0.0;0.0;0;0
303;"PAYMENT";6062.04;"C941772574";962460.15;956398.1;"M191905906";0.0;0.0;0;0
359;"PAYMENT";7768.35;"C1805213694";0.0;0.0;"M1482802387";0.0;0.0;0;0
139;"PAYMENT";22859.82;"C1665006100";0.0;0.0;"M1412913078";0.0;0.0;0;0
687;"CASH_OUT";76835.19;"C1186906162";0.0;0.0;"C290887234";247073.54;323908.73;0;0
228;"CASH_IN";13062.57;"C1003294031";6341233.62;6354296.2;"C481763085";27921.01;14858.44;0;0
394;"CASH_OUT";221287.65;"C622735042";301905.0;80617.35;"C1028090998";0.0;221287.65;0;0
229;"CASH_OUT";127658.6;"C1356147408";0.0;0.0;"C1895138184";7266409.01;7464567.57;0;0
355;"CASH_OUT";168185.24;"C258431609";0.0;0.0;"C1639754182";1117033.48;1285218.72;0;0
94;"PAYMENT";13189.96;"C283454590";11329.0;0.0;"M2000412150";0.0;0.0;0;0
230;"CASH_OUT";223046.43;"C1769104143";1593.0;0.0;"C275122212";96173.8;319220.23;0;0
350;"CASH_IN";277229.98;"C917695842";3497912.81;3775142.79;"C2109293916";9719888.34;9442658.36;0;0
401;"PAYMENT";8658.23;"C239808597";72670.0;64011.77;"M1243737655";0.0;0.0;0;0
38;"TRANSFER";982688.22;"C218549646";181981.13;0.0;"C333889992";6175175.39;7157863.6;0;0
19;"CASH_OUT";101918.53;"C1375041101";0.0;0.0;"C319453013";491046.76;611065.85;0;0
280;"CASH_OUT";206584.47;"C205255161";72030.05;0.0;"C1632333483";2961821.83;3168406.3;0;0
40;"CASH_OUT";137296.37;"C1186478236";13644.51;0.0;"C1867264358";575210.5;712506.86;0;0
328;"CASH_IN";396248.05;"C1229877490";6382.0;402630.05;"C587988828";60338.12;0.0;0;0
188;"CASH_IN";85354.01;"C643673946";8515770.54;8601124.56;"C917769902";2681380.79;2596026.78;0;0
16;"CASH_OUT";325721.78;"C1119649322";98653.12;0.0;"C374111127";2957777.52;3283499.3;0;0
183;"CASH_OUT";168402.32;"C83814719";0.0;0.0;"C1061410168";470644.78;639047.1;0;0
19;"TRANSFER";366992.69;"C1721501039";80881.0;0.0;"C1866091127";0.0;366992.69;0;0
183;"CASH_IN";4239.06;"C2098323270";1987930.06;1992169.12;"C1253529502";548620.1;544381.04;0;0
188;"CASH_OUT";185592.08;"C133379166";122335.0;0.0;"C741519957";0.0;185592.08;0;0
370;"PAYMENT";8596.77;"C669685191";27154.0;18557.23;"M1132675710";0.0;0.0;0;0
260;"CASH_OUT";121162.39;"C1083044762";93594.05;0.0;"C698185039";1594536.34;1715698.73;0;0
285;"CASH_IN";57685.24;"C1017468770";12452144.27;12509829.52;"C1670514753";548124.55;490439.31;0;0
321;"CASH_OUT";122845.19;"C603389662";20705.0;0.0;"C131771896";168308.25;291153.44;0;0
404;"PAYMENT";16262.4;"C1392076027";102064.0;85801.6;"M2001496673";0.0;0.0;0;0
374;"CASH_OUT";218122.11;"C190811694";0.0;0.0;"C366247980";39434660.54;39652782.65;0;0
416;"PAYMENT";2105.48;"C642156982";367278.0;365172.52;"M1541774958";0.0;0.0;0;0
301;"CASH_IN";49386.6;"C1063281880";128635.0;178021.6;"C1533925719";294988.36;245601.76;0;0
282;"PAYMENT";1627.48;"C479076369";0.0;0.0;"M2063968949";0.0;0.0;0;0
262;"PAYMENT";3618.3;"C530812757";202048.0;198429.7;"M346723416";0.0;0.0;0;0
165;"PAYMENT";10868.93;"C543560603";251393.72;240524.8;"M743989123";0.0;0.0;0;0
129;"CASH_OUT";141762.23;"C690492261";0.0;0.0;"C1953804173";310615.39;564230.46;0;0
10;"PAYMENT";1446.87;"C253579745";14476.0;13029.13;"M183571225";0.0;0.0;0;0
250;"CASH_IN";180580.3;"C1259231412";2596449.25;2777029.55;"C608512605";1594549.43;1413969.13;0;0
20;"PAYMENT";15848.07;"C144127619";0.0;0.0;"M77005412";0.0;0.0;0;0
10;"CASH_OUT";34471.34;"C1585156774";0.0;0.0;"C115438768";224293.06;336958.33;0;0
589;"CASH_IN";450369.68;"C783202323";2959573.77;3409943.45;"C1345299144";2509522.32;2059152.64;0;0
34;"CASH_OUT";82068.97;"C998995646";10735.0;0.0;"C1738383463";41229.0;116788.95;0;0
404;"CASH_IN";236478.63;"C1915229464";1372564.86;1609043.49;"C1083945607";2014099.06;1777620.44;0;0
357;"PAYMENT";7051.86;"C698879543";75917.0;68865.14;"M712524494";0.0;0.0;0;0
143;"PAYMENT";7237.61;"C1638759896";159284.0;152046.39;"M1628262359";0.0;0.0;0;0
130;"PAYMENT";34367.89;"C1788920853";0.0;0.0;"M1374268414";0.0;0.0;0;0
300;"CASH_OUT";391777.32;"C740407338";19814.0;0.0;"C542508628";100670.35;492447.67;0;0
235;"CASH_IN";167195.96;"C1399714718";1265531.97;1432727.92;"C2139716330";5954052.61;5786856.65;0;0
237;"CASH_OUT";56419.03;"C1801682740";21289.0;0.0;"C1017412410";49387.04;105806.07;0;0
250;"CASH_OUT";14912.86;"C1786527930";0.0;0.0;"C806305094";1550414.2;1565327.06;0;0
211;"PAYMENT";1475.61;"C184850810";293621.0;292145.39;"M29809561";0.0;0.0;0;0
304;"PAYMENT";4483.58;"C480363707";0.0;0.0;"M1861007756";0.0;0.0;0;0
14;"TRANSFER";305588.88;"C1819126898";0.0;0.0;"C1572966944";3764732.77;4070321.65;0;0
255;"TRANSFER";513710.99;"C104573843";56949.0;0.0;"C1883852875";2770981.69;3284692.68;0;0
306;"CASH_IN";173798.86;"C138321709";31738.0;205536.86;"C1570487168";80513.23;0.0;0;0
302;"TRANSFER";7954898.27;"C760333231";0.0;0.0;"C1644372236";14301602.77;22256501.03;0;0
544;"PAYMENT";20293.86;"C1948691180";10388.0;0.0;"M1115849870";0.0;0.0;0;0
227;"CASH_OUT";146371.93;"C1379899175";0.0;0.0;"C1129123168";212014.16;358386.08;0;0
178;"CASH_IN";198461.57;"C1185057314";1803500.12;2001961.69;"C116302817";2560641.61;2362180.04;0;0
40;"PAYMENT";20692.03;"C2039526783";0.0;0.0;"M1925581716";0.0;0.0;0;0
44;"CASH_OUT";159731.33;"C1649900567";0.0;0.0;"C433582290";2183656.81;2343388.15;0;0
374;"PAYMENT";19108.4;"C977467683";25038.0;5929.6;"M1921609900";0.0;0.0;0;0
374;"PAYMENT";21140.54;"C71091891";85253.83;64113.29;"M992159253";0.0;0.0;0;0
335;"CASH_IN";53414.4;"C1577404302";4965656.77;5019071.17;"C830232395";1345637.14;1292222.74;0;0
47;"PAYMENT";12106.16;"C152660848";4463.0;0.0;"M621729327";0.0;0.0;0;0
41;"PAYMENT";5976.13;"C1054070349";12393.0;6416.87;"M780468470";0.0;0.0;0;0
38;"PAYMENT";8502.25;"C522784044";2010.0;0.0;"M827935278";0.0;0.0;0;0
36;"CASH_OUT";381269.87;"C535381837";0.0;0.0;"C1921226647";2593676.64;2974946.5;0;0
283;"PAYMENT";5172.73;"C1738487876";21074.0;15901.27;"M85823233";0.0;0.0;0;0
282;"PAYMENT";11072.81;"C392456434";0.0;0.0;"M960390939";0.0;0.0;0;0
226;"CASH_IN";276743.31;"C1847807026";50495.0;327238.31;"C1402639689";75391.12;0.0;0;0
277;"PAYMENT";1749.86;"C1338816510";9853.0;8103.14;"M1002748314";0.0;0.0;0;0
141;"PAYMENT";25103.18;"C1337016111";41443.0;16339.82;"M1346766102";0.0;0.0;0;0
201;"CASH_IN";75531.51;"C1711918198";2204574.8;2280106.3;"C745052250";383897.05;308365.54;0;0
262;"CASH_IN";253728.94;"C1926080119";105772.0;359500.94;"C425044260";402279.47;148550.53;0;0
185;"CASH_OUT";74396.07;"C934429699";0.0;0.0;"C15505014";922496.53;996892.6;0;0
328;"PAYMENT";2181.9;"C1777969972";0.0;0.0;"M1766593195";0.0;0.0;0;0
187;"CASH_IN";48356.32;"C1457596634";31060.0;79416.32;"C765199816";71331.98;22975.66;0;0
237;"TRANSFER";885210.62;"C1116348898";0.0;0.0;"C2074067856";2737871.79;3623082.41;0;0
12;"TRANSFER";405646.95;"C1160361166";889150.71;483503.76;"C916393385";562974.85;894228.45;0;0
571;"PAYMENT";1760.2;"C705183328";72931.0;71170.8;"M817796825";0.0;0.0;0;0
160;"CASH_IN";73175.28;"C347101881";4235792.66;4308967.94;"C296616766";1651950.33;1846456.57;0;0
378;"CASH_OUT";159471.11;"C1538370106";41647.0;0.0;"C461191436";96419.92;255891.03;0;0
156;"CASH_OUT";197573.55;"C45515026";1778.86;0.0;"C1214038497";3330523.15;3528096.7;0;0
353;"CASH_IN";203286.4;"C382292531";457999.0;661285.4;"C483982509";96421.02;0.0;0;0
394;"CASH_IN";4145.64;"C2122420419";102159.0;106304.64;"C589103855";41721.84;37576.21;0;0
348;"CASH_OUT";81056.12;"C1413480421";0.0;0.0;"C308223873";1286491.61;1367547.73;0;0
250;"CASH_OUT";276152.74;"C9700445";0.0;0.0;"C819041316";486713.79;762866.53;0;0
42;"CASH_OUT";71325.12;"C140724080";0.0;0.0;"C1348269102";849631.97;920957.1;0;0
131;"PAYMENT";16655.17;"C367712554";0.0;0.0;"M1337717040";0.0;0.0;0;0
18;"PAYMENT";9347.23;"C1786345431";54964.61;45617.38;"M1549011018";0.0;0.0;0;0
208;"CASH_OUT";273915.81;"C197857330";12286.0;0.0;"C1624968134";200679.27;474595.08;0;0
285;"TRANSFER";86353.3;"C593292890";0.0;0.0;"C1278370498";1141598.46;1227951.75;0;0
39;"CASH_IN";248961.14;"C372324404";2703440.41;2952401.56;"C1965843408";550814.28;301853.14;0;0
547;"CASH_OUT";65510.66;"C220340924";9478.0;0.0;"C713867288";0.0;65510.66;0;0
353;"DEBIT";1425.08;"C1147607542";46549.0;45123.92;"C1789194306";725972.66;727397.74;0;0
400;"PAYMENT";27864.33;"C2060828245";0.0;0.0;"M1868432230";0.0;0.0;0;0
277;"CASH_OUT";155281.82;"C1693647726";97114.0;0.0;"C940214322";358047.66;513329.48;0;0
302;"CASH_IN";59965.32;"C2041618187";6384350.61;6444315.94;"C1274851582";167628.52;107663.2;0;0
285;"CASH_OUT";93384.23;"C1074922444";299276.0;205891.77;"C940173744";604111.94;697496.17;0;0
589;"CASH_OUT";413334.21;"C1329883282";30335.0;0.0;"C1921214825";266958.04;680292.24;0;0
34;"CASH_OUT";37461.48;"C1253086009";1598.0;0.0;"C1135987549";0.0;140334.34;0;0
309;"CASH_IN";256984.76;"C1259272362";16902.0;273886.76;"C1485360262";7968994.12;7712009.37;0;0
156;"CASH_IN";142275.81;"C1793616722";16033816.1;16176091.91;"C1142854991";863401.76;721125.95;0;0
134;"CASH_OUT";108962.75;"C743857250";0.0;0.0;"C527785985";736115.36;845078.11;0;0
322;"PAYMENT";2946.82;"C1843492601";0.0;0.0;"M1088981178";0.0;0.0;0;0
374;"CASH_OUT";264801.42;"C251111898";0.0;0.0;"C1644067249";22861830.8;23126632.22;0;0
278;"PAYMENT";22082.03;"C2014387069";0.0;0.0;"M396062710";0.0;0.0;0;0
257;"TRANSFER";743096.67;"C275679323";0.0;0.0;"C705927266";958671.35;1701768.02;0;0
207;"CASH_OUT";206392.8;"C1035260450";0.0;0.0;"C364277318";6556650.34;6763043.14;0;0
226;"PAYMENT";14976.26;"C1733532091";20913.0;5936.74;"M1402625490";0.0;0.0;0;0
160;"CASH_IN";170350.97;"C989696733";44296.0;214646.97;"C485995747";6032.2;0.0;0;0
43;"CASH_OUT";24243.69;"C1866097973";0.0;0.0;"C385863095";106793.71;131037.4;0;0
228;"CASH_IN";157758.16;"C1425533008";236.0;157994.16;"C1928863476";87145.91;0.0;0;0
43;"CASH_IN";233660.0;"C312169538";30902.0;264562.0;"C818593930";137087.59;0.0;0;0
39;"CASH_IN";187173.47;"C290673445";22534870.29;22722043.76;"C157091171";517691.77;330518.3;0;0
619;"PAYMENT";6861.92;"C463271022";9262.62;2400.7;"M701222344";0.0;0.0;0;0
718;"TRANSFER";148174.73;"C697800362";24117.0;0.0;"C289340614";19056.77;167231.5;0;0
42;"TRANSFER";26724.13;"C59172087";0.0;0.0;"C1844188307";178714.02;205438.15;0;0
41;"PAYMENT";8042.41;"C1514003882";0.0;0.0;"M534232742";0.0;0.0;0;0
236;"PAYMENT";13654.98;"C769611453";0.0;0.0;"M697976478";0.0;0.0;0;0
307;"CASH_IN";124137.36;"C1516740308";4227995.69;4352133.05;"C7565028";1836117.81;1711980.45;0;0
298;"CASH_IN";27905.76;"C11920016";1671670.83;1699576.59;"C493755080";414908.59;387002.83;0;0
234;"PAYMENT";7695.03;"C1357788316";0.0;0.0;"M716204575";0.0;0.0;0;0
617;"PAYMENT";15893.52;"C152386965";10759.0;0.0;"M574771034";0.0;0.0;0;0
234;"TRANSFER";1824850.48;"C36288301";0.0;0.0;"C994380124";1910408.05;3735258.53;0;0
209;"PAYMENT";33929.46;"C1669052621";0.0;0.0;"M1140806614";0.0;0.0;0;0
37;"PAYMENT";7106.03;"C1922282473";24539.67;17433.65;"M1294327197";0.0;0.0;0;0
203;"CASH_OUT";256614.54;"C1561180306";0.0;0.0;"C211605427";3732936.4;3989550.95;0;0
212;"CASH_OUT";245233.01;"C842262294";92655.0;0.0;"C576401127";0.0;245233.01;0;0
307;"CASH_OUT";25732.58;"C182575465";149272.0;123539.42;"C256030147";2580501.51;2606234.09;0;0
130;"TRANSFER";377450.02;"C1997850545";0.0;0.0;"C634242800";1756890.2;2134340.21;0;0
210;"PAYMENT";15049.19;"C406912358";0.0;0.0;"M739677635";0.0;0.0;0;0
260;"CASH_OUT";215419.0;"C115447074";665876.0;450457.0;"C838428216";1330649.86;1546068.86;0;0
303;"TRANSFER";1404554.36;"C570419489";0.0;0.0;"C1837123463";7350513.25;8755067.61;0;0
383;"CASH_OUT";141416.08;"C1358764759";0.0;0.0;"C227300741";1155520.65;1296936.73;0;0
286;"PAYMENT";15339.08;"C815990000";107433.0;92093.92;"M102399332";0.0;0.0;0;0
276;"CASH_OUT";235796.02;"C508542964";16113.0;0.0;"C329179294";663774.25;899570.27;0;0
10;"TRANSFER";426751.83;"C1654322265";0.0;0.0;"C1369248292";848843.94;1223285.47;0;0
361;"TRANSFER";140807.76;"C260837580";140807.76;0.0;"C1657343316";0.0;0.0;1;0
332;"CASH_OUT";47725.94;"C1506998440";358004.0;310278.06;"C888450872";1122858.65;1170584.59;0;0
155;"PAYMENT";1765.02;"C317832601";0.0;0.0;"M2124143056";0.0;0.0;0;0
139;"PAYMENT";6776.44;"C1426346504";273324.06;266547.62;"M681380035";0.0;0.0;0;0
565;"CASH_OUT";409704.36;"C1676610453";112798.0;0.0;"C2029567505";0.0;409704.36;0;0
490;"CASH_OUT";359432.63;"C514245875";0.0;0.0;"C359082757";489552.1;848984.73;0;0
9;"TRANSFER";726605.23;"C173424639";0.0;0.0;"C262911569";2066704.95;2636400.78;0;0
356;"PAYMENT";10722.67;"C391932784";96804.81;86082.14;"M745334163";0.0;0.0;0;0
164;"CASH_IN";251834.8;"C1158268268";417012.0;668846.8;"C682350473";2707872.34;2619722.67;0;0
93;"PAYMENT";11491.54;"C59189503";0.0;0.0;"M715951711";0.0;0.0;0;0
396;"PAYMENT";6662.67;"C1153350409";13371.0;6708.33;"M1586716498";0.0;0.0;0;0
38;"CASH_IN";38193.76;"C207646537";7381681.48;7419875.24;"C1274463883";153196.18;115002.42;0;0
41;"CASH_OUT";233653.03;"C1378111767";0.0;0.0;"C1819218949";421313.46;654966.49;0;0
203;"CASH_IN";230419.56;"C141760973";865885.24;1096304.79;"C741557177";312749.29;82329.74;0;0
182;"CASH_IN";303830.04;"C399262046";6864185.13;7168015.17;"C335301399";1961761.27;1657931.23;0;0
369;"CASH_OUT";150704.36;"C559533608";0.0;0.0;"C1841431458";30203169.87;30353874.22;0;0
347;"CASH_IN";310791.97;"C326739524";213189.0;523980.97;"C933525965";1205334.69;894542.72;0;0
305;"CASH_IN";232666.2;"C2114517463";112846.0;345512.2;"C1080548284";0.0;0.0;0;0
179;"PAYMENT";26631.22;"C2042272418";181334.55;154703.33;"M1367107746";0.0;0.0;0;0
42;"CASH_IN";178084.67;"C20738100";52917.0;231001.67;"C1495179361";168461.5;0.0;0;0
426;"CASH_IN";26702.44;"C1372472825";21527.0;48229.44;"C1283422128";0.0;0.0;0;0
36;"PAYMENT";34545.8;"C184795474";721269.0;686723.2;"M2122023048";0.0;0.0;0;0
328;"PAYMENT";22343.46;"C2092209521";56.0;0.0;"M542820261";0.0;0.0;0;0
9;"PAYMENT";24554.97;"C586725888";19302.83;0.0;"M103227705";0.0;0.0;0;0
11;"CASH_OUT";339014.44;"C1108399165";21469.0;0.0;"C206548687";31385.53;370399.97;0;0
335;"PAYMENT";6553.0;"C6865904";7018.0;465.0;"M916474794";0.0;0.0;0;0
545;"TRANSFER";1268744.33;"C2146728962";3592.0;0.0;"C775709194";28078.82;1296823.15;0;0
8;"CASH_IN";74276.98;"C766500841";8514294.66;8588571.64;"C721215918";269556.9;195279.92;0;0
230;"CASH_IN";189933.75;"C564378772";7407452.7;7597386.45;"C43211131";321328.92;131395.17;0;0
302;"TRANSFER";1446917.64;"C666471260";0.0;0.0;"C452395747";1612664.89;3059582.52;0;0
215;"PAYMENT";14773.84;"C1048722595";1482.0;0.0;"M1374536331";0.0;0.0;0;0
402;"CASH_OUT";130556.31;"C1825364580";0.0;0.0;"C1240467233";148448.79;279005.11;0;0
307;"CASH_OUT";44048.28;"C588574957";64712.0;20663.72;"C1670977244";338515.93;290625.79;0;0
38;"CASH_OUT";47052.89;"C127103870";0.0;0.0;"C1476569580";2148723.36;2195776.25;0;0
522;"PAYMENT";1078.77;"C437127806";0.0;0.0;"M123686843";0.0;0.0;0;0
284;"PAYMENT";8536.86;"C1673822982";108531.0;99994.14;"M965754520";0.0;0.0;0;0
354;"PAYMENT";2237.23;"C957060207";0.0;0.0;"M1787631703";0.0;0.0;0;0
323;"CASH_OUT";520872.99;"C1006987239";184682.0;0.0;"C1353655353";0.0;520872.99;0;0
40;"CASH_OUT";248983.94;"C23265090";30201.0;0.0;"C728617064";0.0;248983.94;0;0
298;"CASH_OUT";68690.11;"C2042795938";0.0;0.0;"C2065614331";208860.38;277550.49;0;0
204;"CASH_IN";202249.39;"C36207909";6635.0;208884.39;"C1594837297";44467.53;0.0;0;0
16;"PAYMENT";1363.87;"C2090881214";2026.0;662.13;"M65368948";0.0;0.0;0;0
158;"CASH_OUT";121223.02;"C905209420";0.0;0.0;"C540438403";202379.11;323602.12;0;0
179;"CASH_OUT";43792.3;"C2068517037";0.0;0.0;"C355920605";558645.47;602437.77;0;0
163;"CASH_OUT";267797.21;"C148216714";0.0;0.0;"C423082462";1141614.68;1409411.89;0;0
16;"PAYMENT";8157.57;"C1561340061";20197.0;12039.43;"M501833175";0.0;0.0;0;0
354;"CASH_OUT";54689.73;"C1230369704";21749.0;0.0;"C1339115423";200518.93;255208.66;0;0
177;"CASH_IN";152301.96;"C61758335";5197611.67;5349913.63;"C383694880";1895099.8;1742797.84;0;0
278;"PAYMENT";11763.35;"C1077165837";0.0;0.0;"M75025751";0.0;0.0;0;0
276;"CASH_IN";102523.04;"C1833657204";55321.0;157844.04;"C1360424288";43389.72;0.0;0;0
279;"PAYMENT";6908.75;"C78598399";10009.0;3100.25;"M2012776956";0.0;0.0;0;0
375;"PAYMENT";18831.11;"C147301111";35031.0;16199.89;"M1521787928";0.0;0.0;0;0
261;"TRANSFER";134227.05;"C496800111";13125.26;0.0;"C1186916406";2467085.33;2601312.38;0;0
404;"PAYMENT";2694.88;"C410248707";0.0;0.0;"M1078672351";0.0;0.0;0;0
538;"PAYMENT";80590.19;"C2025012547";15626.68;0.0;"M117516131";0.0;0.0;0;0
188;"PAYMENT";12488.58;"C879468408";173.0;0.0;"M490196107";0.0;0.0;0;0
264;"CASH_IN";213313.62;"C2058386583";1814104.7;2027418.32;"C669017413";1356900.5;1143586.89;0;0
565;"PAYMENT";12565.53;"C1080178561";0.0;0.0;"M557409302";0.0;0.0;0;0
7;"PAYMENT";890.64;"C1786466293";58240.0;57349.36;"M706783822";0.0;0.0;0;0
277;"PAYMENT";1287.19;"C878313836";32958.0;31670.81;"M1496811012";0.0;0.0;0;0
44;"CASH_OUT";306078.8;"C593895991";0.0;0.0;"C1435471959";1841673.51;2147752.31;0;0
378;"CASH_IN";108542.64;"C694002909";10605.0;119147.64;"C691398439";0.0;0.0;0;0
212;"CASH_IN";98137.2;"C1003876024";6025452.73;6123589.93;"C1195545586";1303160.16;1205022.96;0;0
19;"TRANSFER";1244789.8;"C1917522988";0.0;0.0;"C1800201388";2958723.74;4203513.54;0;0
378;"CASH_IN";203603.82;"C20546472";1062617.54;1266221.36;"C2123172962";2683133.52;2479529.7;0;0
400;"PAYMENT";15938.4;"C48190048";83538.0;67599.6;"M416956531";0.0;0.0;0;0
231;"CASH_OUT";89732.55;"C1224074080";0.0;0.0;"C1066761835";115711.49;205444.04;0;0
181;"TRANSFER";257730.43;"C1218858388";0.0;0.0;"C1791865524";3593011.2;3850741.63;0;0
159;"TRANSFER";370062.53;"C1133645313";50153.0;0.0;"C1114378321";0.0;370062.53;0;0
208;"CASH_OUT";42717.5;"C723107662";79468.0;36750.5;"C1761671564";0.0;42717.5;0;0
520;"CASH_IN";122965.89;"C1529016793";4866878.57;4989844.46;"C409241809";5933388.48;5810422.59;0;0
379;"CASH_IN";169757.01;"C1791665975";24920.0;194677.01;"C402350343";0.0;0.0;0;0
45;"PAYMENT";4484.7;"C1037988569";0.0;0.0;"M853736301";0.0;0.0;0;0
33;"CASH_OUT";138473.32;"C12912584";0.0;0.0;"C1097945924";481828.0;349755.5;0;0
324;"CASH_OUT";24778.05;"C1951267833";2629.0;0.0;"C1028297720";283482.47;308260.52;0;0
307;"PAYMENT";7681.53;"C377528094";102.0;0.0;"M790125442";0.0;0.0;0;0
327;"TRANSFER";507444.74;"C673444562";3061.0;0.0;"C1856274057";0.0;507444.74;0;0
249;"CASH_IN";97876.97;"C686054893";17806129.98;17904006.95;"C26219180";394389.85;296512.88;0;0
402;"CASH_OUT";312902.29;"C259379549";5341.0;0.0;"C355326532";106314.16;419216.46;0;0
299;"PAYMENT";28501.21;"C1070343475";10695.0;0.0;"M2026771377";0.0;0.0;0;0
205;"PAYMENT";8122.18;"C1066546549";108487.42;100365.25;"M1950325197";0.0;0.0;0;0
374;"PAYMENT";5329.28;"C151117396";22984.53;17655.26;"M78632926";0.0;0.0;0;0
36;"CASH_OUT";26780.26;"C1753644886";0.0;0.0;"C611272243";559065.2;585845.45;0;0
193;"CASH_OUT";236765.27;"C1722440344";0.0;0.0;"C1718335719";249776.37;486541.63;0;0
428;"CASH_IN";152580.35;"C1099240038";3040622.35;3193202.71;"C1679757713";401736.39;249156.04;0;0
45;"PAYMENT";2020.11;"C89074121";99291.0;97270.89;"M653012080";0.0;0.0;0;0
311;"PAYMENT";22642.87;"C219498806";12411.0;0.0;"M1987450866";0.0;0.0;0;0
42;"CASH_OUT";252531.5;"C959332321";15841.0;0.0;"C42564171";160079.56;412611.06;0;0
402;"CASH_IN";17549.94;"C1985997652";241523.82;259073.76;"C1118808601";126471.5;108921.56;0;0
534;"TRANSFER";771024.82;"C1127605507";771024.82;0.0;"C1392260750";0.0;0.0;1;0
282;"CASH_OUT";318713.75;"C1866079389";99425.0;0.0;"C100287876";0.0;340140.69;0;0
44;"PAYMENT";2225.03;"C1369348574";0.0;0.0;"M538873099";0.0;0.0;0;0
355;"CASH_OUT";138368.96;"C2062899400";104464.0;0.0;"C555220461";704965.8;843334.75;0;0
378;"PAYMENT";15242.77;"C1145146349";14165.15;0.0;"M711959725";0.0;0.0;0;0
164;"CASH_OUT";179339.45;"C1565571789";0.0;0.0;"C298820790";211774.82;391114.27;0;0
161;"CASH_OUT";206534.07;"C1272841010";553.0;0.0;"C454889708";148264.13;354798.2;0;0
43;"CASH_IN";317586.78;"C1184321465";13877324.0;14194910.78;"C1318918211";512167.22;194580.44;0;0
311;"PAYMENT";2816.26;"C984629151";0.0;0.0;"M326726079";0.0;0.0;0;0
1;"CASH_IN";79285.8;"C1340848245";3355479.81;3434765.61;"C1170794006";4856516.62;22190.99;0;0
405;"DEBIT";147.21;"C711368926";8774.0;8626.79;"C1776274665";13825.76;13972.98;0;0
206;"CASH_OUT";108801.72;"C2070551931";21347.0;0.0;"C241537248";914474.59;1023276.31;0;0
301;"CASH_OUT";217160.72;"C312050799";0.0;0.0;"C319645536";605146.84;822307.56;0;0
154;"PAYMENT";6107.41;"C1062257715";0.0;0.0;"M1710812829";0.0;0.0;0;0
213;"PAYMENT";33760.47;"C625307295";192698.32;158937.85;"M2116703037";0.0;0.0;0;0
405;"CASH_OUT";125686.11;"C439116424";10921.0;0.0;"C478009852";0.0;125686.11;0;0
207;"CASH_IN";210050.68;"C780907354";7486391.75;7696442.42;"C1265326457";564542.75;354492.07;0;0
131;"CASH_IN";123143.4;"C1911735252";41413.0;164556.4;"C737415800";19843.0;0.0;0;0
230;"PAYMENT";471.47;"C1188017354";291919.52;291448.06;"M2058663191";0.0;0.0;0;0
594;"CASH_OUT";289756.2;"C1227647231";0.0;0.0;"C1008733302";415229.52;704985.72;0;0
404;"TRANSFER";496792.43;"C759932449";0.0;0.0;"C574402846";2777754.56;3274546.99;0;0
279;"PAYMENT";11644.11;"C319171964";102195.0;90550.89;"M88429507";0.0;0.0;0;0
161;"PAYMENT";3309.91;"C974763886";0.0;0.0;"M1471328859";0.0;0.0;0;0
162;"CASH_OUT";22431.53;"C1375801844";0.0;0.0;"C1856982588";7452248.28;7474679.82;0;0
396;"CASH_IN";244070.35;"C1204490069";1407792.53;1651862.88;"C127293986";286357.07;42286.72;0;0
354;"CASH_OUT";55549.86;"C1775681197";348636.0;293086.14;"C36070451";63139.27;118689.13;0;0
329;"CASH_IN";91351.1;"C453938866";232355.39;323706.49;"C948307190";2439269.21;2347918.1;0;0
588;"CASH_IN";241575.64;"C196762473";2142989.04;2384564.67;"C1055426080";647189.5;405613.87;0;0
522;"CASH_OUT";505876.69;"C646755616";1021.0;0.0;"C391418475";343600.38;849477.06;0;0
546;"PAYMENT";8802.96;"C990211051";3093.0;0.0;"M1519925355";0.0;0.0;0;0
429;"CASH_OUT";7612.96;"C686445276";0.0;0.0;"C1159559067";13698.65;21311.61;0;0
237;"CASH_OUT";170284.0;"C1653683630";0.0;0.0;"C1131139151";4429268.23;4599552.24;0;0
590;"CASH_OUT";206813.51;"C1509122340";104534.18;0.0;"C695473180";3208976.9;3415790.41;0;0
400;"PAYMENT";96228.45;"C2146918371";57274.82;0.0;"M482697763";0.0;0.0;0;0
399;"TRANSFER";658842.2;"C1184400547";0.0;0.0;"C1737213795";1085764.4;1744606.59;0;0
161;"PAYMENT";878.66;"C1841590714";0.0;0.0;"M988249200";0.0;0.0;0;0
589;"TRANSFER";88260.9;"C971099751";620.0;0.0;"C1486919356";9422023.44;9510284.34;0;0
306;"CASH_IN";360785.4;"C186393153";4783462.92;5144248.32;"C2080574653";866778.48;505993.08;0;0
184;"CASH_IN";115105.67;"C235456804";6220.0;121325.67;"C1310575604";2924358.75;2809253.08;0;0
325;"CASH_OUT";58234.72;"C802161922";0.0;0.0;"C513564592";726591.96;784826.68;0;0
212;"CASH_OUT";7213.47;"C1304250799";49930.0;42716.53;"C80669383";0.0;7213.47;0;0
47;"PAYMENT";265.02;"C1078447055";148.0;0.0;"M2141256838";0.0;0.0;0;0
44;"CASH_OUT";146721.42;"C1053631909";0.0;0.0;"C254862046";383005.43;908699.87;0;0
324;"CASH_OUT";301302.14;"C184675148";0.0;0.0;"C131386938";1399950.39;1701252.53;0;0
18;"CASH_IN";350525.27;"C901305929";3296324.9;3646850.17;"C1751197837";936055.32;485656.6;0;0
133;"TRANSFER";329578.85;"C1970875907";0.0;0.0;"C667898937";3273355.84;3602934.69;0;0
348;"CASH_OUT";340699.76;"C434473218";0.0;0.0;"C760235029";792189.29;1132889.05;0;0
306;"CASH_OUT";151824.87;"C56918733";14764.0;0.0;"C1126219991";0.0;151824.87;0;0
212;"CASH_IN";112784.44;"C712333783";14486759.81;14599544.25;"C1876142585";693905.07;581120.63;0;0
250;"CASH_IN";317867.69;"C613014870";1206561.1;1524428.79;"C970";1385066.03;1067198.34;0;0
18;"TRANSFER";307698.24;"C1274093164";0.0;0.0;"C1785910017";2969882.15;4577333.28;0;0
139;"TRANSFER";927494.34;"C889613538";0.0;0.0;"C975720214";1722252.19;2649746.53;0;0
280;"PAYMENT";16293.11;"C759325002";0.0;0.0;"M382606410";0.0;0.0;0;0
204;"CASH_IN";23544.32;"C853846702";12578.0;36122.32;"C660086000";94331.44;70787.12;0;0
182;"TRANSFER";200124.49;"C340443441";0.0;0.0;"C1837053446";3086383.99;3286508.48;0;0
42;"CASH_OUT";91408.68;"C800597714";0.0;0.0;"C1763647807";2310854.46;2402263.14;0;0
345;"PAYMENT";18938.35;"C1252009351";3047.0;0.0;"M1459994319";0.0;0.0;0;0
191;"PAYMENT";3119.97;"C304933719";69985.0;66865.03;"M1489919961";0.0;0.0;0;0
35;"CASH_IN";452973.38;"C1490179222";257800.85;710774.23;"C555582807";983075.19;530101.81;0;0
303;"CASH_IN";230921.9;"C560570475";563.0;231484.9;"C573209336";23009486.54;22778564.64;0;0
301;"CASH_OUT";166637.58;"C679948436";11120.0;0.0;"C1299390573";2614447.0;2781084.57;0;0
375;"PAYMENT";13928.92;"C108486850";11475.0;0.0;"M271828033";0.0;0.0;0;0
232;"CASH_OUT";10214.3;"C370967440";0.0;0.0;"C441253184";52050.23;62264.53;0;0
231;"CASH_OUT";86286.39;"C778097439";14203.0;0.0;"C507195147";603161.81;689448.2;0;0
133;"CASH_OUT";52652.51;"C755616586";0.0;0.0;"C1201455697";1300437.64;1353090.15;0;0
181;"PAYMENT";30078.56;"C426940983";400996.0;370917.44;"M727872213";0.0;0.0;0;0
16;"CASH_IN";230824.9;"C1002437998";4330152.12;4560977.02;"C1935134813";1113609.99;882785.09;0;0
235;"CASH_OUT";68625.82;"C1327548134";382001.0;313375.18;"C716893385";0.0;68625.82;0;0
371;"PAYMENT";16466.34;"C903462592";5138.0;0.0;"M1340440547";0.0;0.0;0;0
280;"PAYMENT";17637.64;"C274301844";195869.97;178232.33;"M815119394";0.0;0.0;0;0
254;"CASH_IN";55829.39;"C1427010667";2085.0;57914.39;"C1555902479";372059.26;316229.87;0;0
299;"CASH_OUT";182117.93;"C1557273169";1060.0;0.0;"C646333826";0.0;182117.93;0;0
372;"PAYMENT";24602.73;"C1569976516";14897.0;0.0;"M1324062641";0.0;0.0;0;0
16;"PAYMENT";18905.97;"C2016035239";125458.82;106552.85;"M690522327";0.0;0.0;0;0
402;"CASH_IN";21033.88;"C1985202094";10190.0;31223.88;"C1046475938";0.0;0.0;0;0
379;"CASH_IN";82110.04;"C464300681";8591013.27;8673123.3;"C1196742251";448548.72;366438.68;0;0
278;"CASH_OUT";106136.76;"C453366951";65781.0;0.0;"C152062430";0.0;106136.76;0;0
249;"PAYMENT";8383.55;"C1383447446";215761.0;207377.45;"M1867047261";0.0;0.0;0;0
140;"CASH_IN";35208.29;"C1743754018";178669.0;213877.29;"C374751833";354465.17;319256.87;0;0
371;"PAYMENT";12505.23;"C1677687925";52745.0;40239.77;"M1399399617";0.0;0.0;0;0
184;"PAYMENT";2166.82;"C1144770638";39699.0;37532.18;"M1447625882";0.0;0.0;0;0
205;"TRANSFER";834029.2;"C61251869";63206.0;0.0;"C1856301976";0.0;834029.2;0;0
136;"CASH_OUT";173335.66;"C322529337";0.0;0.0;"C1413390395";1304576.26;1477911.92;0;0
379;"CASH_IN";30933.22;"C882480626";4012787.21;4043720.43;"C647033712";3263539.7;3232606.48;0;0
11;"CASH_OUT";88911.31;"C1549344173";0.0;0.0;"C642099908";479216.24;373715.54;0;0
226;"CASH_OUT";320845.25;"C483836780";0.0;0.0;"C1461788950";5685000.88;6005846.13;0;0
542;"PAYMENT";22384.15;"C1594588019";47144.81;24760.66;"M379691947";0.0;0.0;0;0
204;"PAYMENT";1214.89;"C252551726";53951.64;52736.76;"M1362579538";0.0;0.0;0;0
254;"CASH_IN";199187.65;"C1651656533";12155.0;211342.65;"C1171321898";2275071.56;2075883.91;0;0
143;"PAYMENT";12071.49;"C86112905";248663.0;236591.51;"M703534040";0.0;0.0;0;0
330;"PAYMENT";3464.12;"C1122244128";0.0;0.0;"M1108835367";0.0;0.0;0;0
201;"PAYMENT";7580.58;"C1101612197";176161.76;168581.18;"M1220549074";0.0;0.0;0;0
401;"TRANSFER";117010.91;"C1943850428";0.0;0.0;"C1379349361";354646.33;471657.24;0;0
178;"CASH_IN";317181.78;"C464894042";2407261.63;2724443.4;"C1733669350";541305.2;224123.43;0;0
691;"TRANSFER";358135.5;"C1948526377";37132.47;0.0;"C14295864";655991.28;1014126.78;0;0
44;"CASH_OUT";199013.93;"C1181580224";10996.0;0.0;"C845458261";15001.72;214015.66;0;0
281;"CASH_OUT";116456.13;"C996207457";19990.0;0.0;"C816978618";364374.56;480830.69;0;0
212;"CASH_OUT";35748.18;"C1660405718";0.0;0.0;"C1203764904";5196757.93;5232506.11;0;0
402;"TRANSFER";520441.54;"C615658088";0.0;0.0;"C1299780956";1227480.74;1747922.28;0;0
302;"PAYMENT";5642.47;"C788436760";5085.0;0.0;"M617711853";0.0;0.0;0;0
179;"CASH_OUT";121982.3;"C1354290660";0.0;0.0;"C1031514950";127536.14;249518.43;0;0
325;"PAYMENT";1071.68;"C1297153473";0.0;0.0;"M122723209";0.0;0.0;0;0
35;"CASH_OUT";281958.0;"C1344345173";24501.0;0.0;"C858495096";1677321.69;1959279.69;0;0
395;"PAYMENT";26874.1;"C1017532686";67313.0;40438.9;"M1114533251";0.0;0.0;0;0
379;"CASH_OUT";20646.19;"C149726492";0.0;0.0;"C1123712453";54230.21;74876.4;0;0
479;"PAYMENT";3276.75;"C1399651254";228.0;0.0;"M993285459";0.0;0.0;0;0
185;"CASH_OUT";162227.44;"C1122134150";0.0;0.0;"C1689267655";216502.17;128264.3;0;0
278;"PAYMENT";4222.45;"C1621256642";107488.0;103265.55;"M891063102";0.0;0.0;0;0
540;"PAYMENT";4860.88;"C93196922";50018.0;45157.12;"M249809543";0.0;0.0;0;0
40;"PAYMENT";13790.05;"C442490055";0.0;0.0;"M253229879";0.0;0.0;0;0
41;"CASH_IN";311722.26;"C1712633002";90388.0;402110.26;"C1290597359";1053421.8;741699.54;0;0
405;"PAYMENT";16258.25;"C89173731";9399.18;0.0;"M16256466";0.0;0.0;0;0
9;"PAYMENT";17837.88;"C184852843";3638.11;0.0;"M254350091";0.0;0.0;0;0
134;"TRANSFER";1068308.5;"C1070566813";0.0;0.0;"C762277956";2005056.49;3073364.99;0;0
637;"CASH_IN";117751.15;"C575404114";1216437.4;1334188.55;"C1096973304";189904.39;72153.24;0;0
225;"CASH_IN";415410.01;"C459313727";3231998.95;3647408.96;"C298776003";6099243.52;5683833.51;0;0
202;"CASH_OUT";85459.23;"C1669385885";0.0;0.0;"C1169138113";404575.51;490034.74;0;0
14;"PAYMENT";8949.63;"C1874873582";36564.0;27614.37;"M1567148315";0.0;0.0;0;0
277;"CASH_OUT";6979.46;"C244935234";0.0;0.0;"C643176170";15814.96;22794.42;0;0
33;"CASH_OUT";142063.9;"C1655871264";9975.0;0.0;"C2012933656";3007640.68;3149704.58;0;0
255;"PAYMENT";764.54;"C1806681478";0.0;0.0;"M1719528583";0.0;0.0;0;0
139;"CASH_IN";29070.12;"C580402406";4767607.73;4796677.85;"C342449535";611410.52;582340.39;0;0
352;"PAYMENT";16378.76;"C26009829";0.0;0.0;"M1054501033";0.0;0.0;0;0
282;"CASH_OUT";4415.55;"C1099278707";0.0;0.0;"C1121886080";58052.92;62468.47;0;0
612;"CASH_IN";22420.86;"C1308086317";6691458.25;6713879.11;"C1295393931";389186.51;366765.65;0;0
398;"PAYMENT";38692.81;"C1476515877";0.0;0.0;"M1921615614";0.0;0.0;0;0
396;"CASH_OUT";264832.2;"C1523038423";29984.0;0.0;"C1632898638";0.0;264832.2;0;0
166;"PAYMENT";398.25;"C913021520";383517.17;383118.92;"M2005292074";0.0;0.0;0;0
275;"CASH_IN";93645.03;"C1666219870";2065.0;95710.03;"C229154558";0.0;0.0;0;0
178;"PAYMENT";417.48;"C1466227709";19753.0;19335.52;"M87004786";0.0;0.0;0;0
17;"CASH_OUT";281760.43;"C695234059";0.0;0.0;"C348708793";940004.29;1221764.73;0;0
324;"PAYMENT";20723.8;"C2119716273";34291.83;13568.03;"M506341751";0.0;0.0;0;0
276;"CASH_IN";216295.95;"C1991090834";1817426.65;2033722.61;"C147531212";2704460.56;2488164.61;0;0
378;"PAYMENT";1578.2;"C667850298";104873.0;103294.8;"M1481337972";0.0;0.0;0;0
397;"TRANSFER";637687.42;"C2730374";0.0;0.0;"C2082734778";698402.74;1336090.16;0;0
162;"CASH_OUT";16276.76;"C1938261659";45410.0;29133.24;"C1881443676";144880.94;161157.7;0;0
307;"CASH_OUT";279009.77;"C859373365";0.0;0.0;"C387534347";5257064.8;5536074.57;0;0
230;"CASH_OUT";327430.84;"C2048559224";100901.0;0.0;"C1432343687";2532892.86;2860323.7;0;0
335;"PAYMENT";6837.68;"C373214505";401.46;0.0;"M1600009216";0.0;0.0;0;0
335;"PAYMENT";11680.47;"C2018301541";132316.0;120635.53;"M245402700";0.0;0.0;0;0
401;"PAYMENT";30148.02;"C1608652328";0.0;0.0;"M909191478";0.0;0.0;0;0
16;"PAYMENT";4941.96;"C1133227969";70805.8;65863.85;"M310594954";0.0;0.0;0;0
231;"PAYMENT";26389.96;"C1908098480";9776.0;0.0;"M1414508204";0.0;0.0;0;0
162;"CASH_IN";278213.58;"C1432909900";0.0;278213.58;"C1073863733";8121928.21;7843714.63;0;0
330;"CASH_IN";231427.71;"C728062672";26038931.93;26270359.63;"C887385254";514663.78;283236.07;0;0
203;"PAYMENT";1488.28;"C1985768001";0.0;0.0;"M1465336387";0.0;0.0;0;0
305;"PAYMENT";19150.5;"C1273842207";0.0;0.0;"M1533179337";0.0;0.0;0;0
306;"CASH_OUT";55858.54;"C2076676600";39214.0;0.0;"C1414045415";0.0;55858.54;0;0
369;"TRANSFER";2390574.78;"C641886186";55661.0;0.0;"C1753732900";0.0;2390574.78;0;0
301;"PAYMENT";4951.35;"C1666816494";0.0;0.0;"M177161488";0.0;0.0;0;0
401;"PAYMENT";14317.18;"C1758042480";0.0;0.0;"M2069028257";0.0;0.0;0;0
155;"CASH_OUT";182510.26;"C1617178448";2076.0;0.0;"C1574906775";18748.28;201258.55;0;0
43;"CASH_IN";298491.84;"C2022861472";8569490.6;8867982.44;"C1762303268";4184713.55;4316823.72;0;0
203;"CASH_IN";145272.22;"C1408475291";2522.0;147794.22;"C2057812226";38700.39;0.0;0;0
228;"CASH_IN";6942.62;"C632387232";18061147.79;18068090.41;"C861317495";293755.91;286813.29;0;0
135;"PAYMENT";6275.92;"C943401010";801236.83;794960.91;"M1983781603";0.0;0.0;0;0
155;"PAYMENT";22430.62;"C1354234516";147437.0;125006.38;"M1889171905";0.0;0.0;0;0
308;"PAYMENT";4479.57;"C792489121";0.0;0.0;"M1925417115";0.0;0.0;0;0
156;"CASH_OUT";2422.36;"C910692069";0.0;0.0;"C387625454";797380.48;799802.85;0;0
138;"CASH_OUT";53624.63;"C3302517";10881.0;0.0;"C293997775";1628174.27;1681798.9;0;0
9;"PAYMENT";2174.17;"C1138491862";4242.0;2067.83;"M690772911";0.0;0.0;0;0
281;"CASH_OUT";91392.74;"C1766364279";0.0;0.0;"C894604003";3706847.4;3798240.15;0;0
179;"CASH_IN";383004.01;"C471549071";1219387.32;1602391.34;"C437105998";7108560.6;6725556.59;0;0
547;"TRANSFER";174613.94;"C127382267";0.0;0.0;"C1868071547";218477.2;393091.13;0;0
212;"PAYMENT";18878.35;"C880392851";12132.65;0.0;"M39637295";0.0;0.0;0;0
14;"CASH_IN";86847.31;"C1650657109";15056607.26;15143454.57;"C1777520630";192519.09;50839.24;0;0
185;"PAYMENT";3411.05;"C275704801";0.0;0.0;"M1929476557";0.0;0.0;0;0
23;"PAYMENT";4215.72;"C835706825";493.0;0.0;"M1200060142";0.0;0.0;0;0
544;"PAYMENT";25448.51;"C241212716";107216.93;81768.41;"M104934576";0.0;0.0;0;0
35;"CASH_OUT";154998.68;"C1718222806";10650.0;0.0;"C1697002056";488559.14;469451.62;0;0
140;"CASH_IN";344675.19;"C1929556373";28263.0;372938.19;"C1653229744";221592.2;0.0;0;0
158;"CASH_OUT";52293.93;"C2346494";0.0;0.0;"C463020809";1097978.07;1150272.0;0;0
375;"PAYMENT";25364.75;"C1788095168";0.0;0.0;"M2026814097";0.0;0.0;0;0
307;"CASH_OUT";52466.88;"C1649988317";57557.0;5090.12;"C14376585";16138606.24;16191073.13;0;0
596;"PAYMENT";2017.88;"C2021115998";1096.0;0.0;"M1765100445";0.0;0.0;0;0
276;"CASH_OUT";52176.43;"C643947069";0.0;0.0;"C78767310";1645252.64;1697429.06;0;0
371;"PAYMENT";23040.15;"C435629313";22423.0;0.0;"M657833319";0.0;0.0;0;0
256;"CASH_OUT";240817.95;"C2145812544";0.0;0.0;"C1710386957";1470539.66;1711357.6;0;0
213;"CASH_OUT";100288.49;"C695413387";11019.0;0.0;"C595012994";0.0;100288.49;0;0
310;"TRANSFER";361254.19;"C585483700";0.0;0.0;"C725454326";2813140.64;3174394.83;0;0
283;"PAYMENT";8315.01;"C1905537275";343651.31;335336.3;"M2069167087";0.0;0.0;0;0
273;"TRANSFER";310515.39;"C602183297";0.0;0.0;"C995570527";3289063.98;3599579.37;0;0
310;"CASH_IN";142425.0;"C1430919929";18830.0;161255.0;"C1886795573";959492.43;817067.43;0;0
382;"PAYMENT";7374.44;"C124408372";3204.0;0.0;"M38494617";0.0;0.0;0;0
16;"CASH_OUT";217999.9;"C1109355705";28.0;0.0;"C1024215238";30962.0;248961.9;0;0
347;"CASH_OUT";103335.42;"C244132375";0.0;0.0;"C1180620457";658389.19;761724.61;0;0
331;"CASH_OUT";290192.69;"C934609148";15.0;0.0;"C1460477925";94571.23;384763.92;0;0
230;"CASH_OUT";109445.37;"C1289114207";0.0;0.0;"C164317052";112145.87;221591.24;0;0
190;"PAYMENT";3102.71;"C1706912979";198739.42;195636.71;"M1689524480";0.0;0.0;0;0
301;"PAYMENT";35102.07;"C1892133189";646.0;0.0;"M2015959755";0.0;0.0;0;0
401;"CASH_OUT";58029.11;"C739520451";0.0;0.0;"C721884636";286629.94;344659.04;0;0
353;"TRANSFER";1738284.55;"C260636081";40184.0;0.0;"C445223226";0.0;1738284.55;0;0
298;"CASH_IN";24888.26;"C824466694";12918042.12;12942930.38;"C420440445";2455012.58;2430124.32;0;0
43;"CASH_OUT";157980.99;"C305063190";0.0;0.0;"C946208117";2848795.86;3006776.85;0;0
372;"CASH_OUT";594272.77;"C1109848100";49721.0;0.0;"C987807300";971944.15;1566216.92;0;0
351;"CASH_OUT";333712.49;"C814807808";0.0;0.0;"C694467732";661248.45;994960.93;0;0
370;"CASH_IN";158749.79;"C2019417390";4949245.53;5107995.32;"C579046269";207545.4;48795.61;0;0
210;"PAYMENT";2997.64;"C760007209";17477.28;14479.64;"M540073382";0.0;0.0;0;0
393;"CASH_OUT";53628.35;"C1631630822";5166.0;0.0;"C1190315259";0.0;53628.35;0;0
227;"PAYMENT";7366.82;"C264625881";0.0;0.0;"M1252412897";0.0;0.0;0;0
258;"CASH_OUT";36342.27;"C509214760";0.0;0.0;"C757039269";138333.19;174675.46;0;0
397;"CASH_OUT";3553.28;"C538547548";0.0;0.0;"C1912096216";1317111.53;1320664.81;0;0
17;"CASH_IN";88332.83;"C1958073549";20840.0;109172.83;"C1778566431";6393.36;0.0;0;0
280;"CASH_IN";284359.99;"C588120812";521967.0;806326.99;"C582119750";225391.07;0.0;0;0
250;"CASH_OUT";368492.65;"C674379003";138.0;0.0;"C428209699";0.0;368492.65;0;0
41;"PAYMENT";6466.51;"C1269536700";35761.88;29295.37;"M1445627001";0.0;0.0;0;0
298;"PAYMENT";20624.44;"C242628177";32392.0;11767.56;"M1813523533";0.0;0.0;0;0
285;"TRANSFER";324047.7;"C98893367";103329.0;0.0;"C2048044211";74695.25;398742.95;0;0
230;"CASH_OUT";160226.78;"C748283597";0.0;0.0;"C1244947864";11402331.13;11562557.91;0;0
236;"TRANSFER";1240396.63;"C2077095265";0.0;0.0;"C1178242976";1846859.77;3087256.4;0;0
264;"CASH_IN";107179.91;"C479724760";2164768.02;2271947.93;"C476053655";1589286.08;1482106.18;0;0
522;"PAYMENT";10757.4;"C77629497";0.0;0.0;"M808721513";0.0;0.0;0;0
43;"PAYMENT";2149.3;"C1272241369";26606.0;24456.7;"M1532132738";0.0;0.0;0;0
155;"CASH_OUT";106617.03;"C54895213";0.0;0.0;"C2048332668";249069.73;383943.9;0;0
710;"CASH_OUT";371821.83;"C876213308";39781.0;0.0;"C1424486623";0.0;371821.83;0;0
139;"PAYMENT";4823.62;"C2078468926";52162.76;47339.13;"M1769956078";0.0;0.0;0;0
163;"CASH_OUT";89525.7;"C662730170";36472.0;0.0;"C104529751";0.0;89525.7;0;0
138;"PAYMENT";6734.5;"C220378922";0.0;0.0;"M561306790";0.0;0.0;0;0
202;"DEBIT";2574.29;"C298802936";146782.18;144207.88;"C301328974";43457.49;46031.78;0;0
5;"PAYMENT";42355.9;"C96172633";0.0;0.0;"M1274699449";0.0;0.0;0;0
211;"CASH_IN";16618.24;"C350175954";3714239.27;3730857.51;"C1637542274";487932.03;471313.79;0;0
155;"PAYMENT";2579.11;"C1258430571";0.0;0.0;"M587215670";0.0;0.0;0;0
280;"CASH_OUT";73755.88;"C868376558";0.0;0.0;"C1112235529";254053.66;327809.54;0;0
130;"CASH_OUT";53236.11;"C1666145157";0.0;0.0;"C968979703";78593.98;131830.09;0;0
187;"DEBIT";1598.05;"C32141206";325550.62;323952.57;"C15072156";331219.91;332817.96;0;0
18;"CASH_IN";112106.56;"C1969467199";9010.0;121116.56;"C1229306199";0.0;0.0;0;0
278;"CASH_OUT";63149.52;"C2002739171";1267.82;0.0;"C1971826398";171676.05;234825.57;0;0
257;"CASH_OUT";25463.33;"C1755324296";363.0;0.0;"C1792670955";9003908.06;9029371.39;0;0
664;"CASH_IN";444151.93;"C1842786093";19925.0;464076.93;"C738607564";1018274.5;574122.57;0;0
401;"CASH_OUT";257609.14;"C147321509";11862.0;0.0;"C990494922";0.0;257609.14;0;0
403;"PAYMENT";5102.12;"C114845970";5293.34;191.21;"M1854018640";0.0;0.0;0;0
38;"CASH_OUT";184254.0;"C974295110";21310.0;0.0;"C759884058";0.0;184254.0;0;0
329;"PAYMENT";34353.3;"C543099721";438.0;0.0;"M1940846637";0.0;0.0;0;0
190;"CASH_OUT";35289.21;"C1928171599";0.0;0.0;"C1715698481";433223.8;468513.01;0;0
206;"PAYMENT";5984.32;"C361938779";0.0;0.0;"M795709808";0.0;0.0;0;0
308;"PAYMENT";29597.94;"C1750969160";23829.0;0.0;"M975241756";0.0;0.0;0;0
378;"PAYMENT";11317.01;"C209188499";0.0;0.0;"M385444672";0.0;0.0;0;0
160;"CASH_OUT";163719.81;"C739550789";0.0;0.0;"C31549575";1349521.62;1513241.43;0;0
451;"CASH_IN";21901.17;"C926279398";5822240.2;5844141.36;"C1537469569";2571019.37;2549118.2;0;0
17;"PAYMENT";1665.32;"C448578868";11093.0;9427.68;"M50026125";0.0;0.0;0;0
303;"TRANSFER";356980.49;"C425771242";0.0;0.0;"C927136471";2053437.16;2410417.64;0;0
408;"CASH_IN";161333.25;"C724499982";0.0;161333.25;"C1069987289";1060785.21;899451.96;0;0
334;"PAYMENT";38013.63;"C1199987675";5197.0;0.0;"M426603449";0.0;0.0;0;0
405;"CASH_IN";2392.6;"C967798141";2903890.65;2906283.25;"C1555321265";71704.68;69312.08;0;0
10;"CASH_IN";100455.17;"C2119086763";684159.37;784614.54;"C385456030";105390.75;4935.59;0;0
681;"CASH_OUT";33473.32;"C564952327";0.0;0.0;"C866873526";73887.96;107361.28;0;0
644;"CASH_OUT";206811.13;"C470139045";34144.0;0.0;"C652066257";0.0;206811.13;0;0
542;"PAYMENT";545.78;"C1814060502";0.0;0.0;"M904928795";0.0;0.0;0;0
35;"CASH_OUT";252318.15;"C979070873";0.0;0.0;"C528847191";1218165.67;1470483.81;0;0
249;"CASH_IN";300381.2;"C1486158132";2238320.1;2538701.3;"C475039358";371588.65;71207.46;0;0
371;"CASH_OUT";9826.43;"C1591933477";65466.0;55639.57;"C1235151206";11496902.37;11506728.8;0;0
236;"CASH_OUT";144895.69;"C427235946";0.0;0.0;"C849814452";843259.52;988155.2;0;0
40;"CASH_IN";3762.99;"C1394266468";1344221.69;1347984.68;"C955172030";1013190.95;1009427.95;0;0
369;"PAYMENT";16423.28;"C1040518298";10039.0;0.0;"M640614879";0.0;0.0;0;0
276;"CASH_OUT";273580.63;"C1142190851";0.0;0.0;"C417839879";2634726.62;2908307.25;0;0
19;"CASH_IN";183234.41;"C1221476823";30963536.37;31146770.77;"C247785956";1547302.82;1307583.13;0;0
207;"CASH_OUT";209683.41;"C981979455";20457.0;0.0;"C2035289413";0.0;209683.41;0;0
396;"PAYMENT";6318.02;"C302455675";649470.65;643152.63;"M824972261";0.0;0.0;0;0
375;"CASH_OUT";30357.73;"C222196322";0.0;0.0;"C633344977";10366543.88;10396901.61;0;0
403;"CASH_OUT";100834.59;"C628106389";42473.0;0.0;"C1490088883";88988.34;189822.92;0;0
158;"CASH_IN";212333.12;"C656867783";9006.0;221339.12;"C1424993558";5838.62;0.0;0;0
130;"CASH_OUT";209850.17;"C438993956";68357.0;0.0;"C461268350";0.0;209850.17;0;0
304;"CASH_OUT";288844.48;"C1944211601";529.0;0.0;"C1555099930";0.0;288844.48;0;0
46;"CASH_IN";55698.19;"C1295742429";11216018.97;11271717.16;"C172282694";65448.59;9750.4;0;0
281;"CASH_OUT";361191.0;"C1075743821";38510.0;0.0;"C600146975";0.0;361191.0;0;0
180;"CASH_IN";482463.12;"C1416117535";7709.0;490172.12;"C378358322";449467.04;0.0;0;0
281;"CASH_OUT";13747.17;"C1911331845";0.0;0.0;"C1897081839";87243.81;100990.98;0;0
325;"CASH_IN";233706.25;"C616954509";2675407.4;2909113.65;"C1535520147";289068.77;55362.53;0;0
15;"PAYMENT";3196.48;"C1545305677";37355.0;34158.52;"M628796924";0.0;0.0;0;0
307;"CASH_OUT";106099.36;"C21770469";191581.1;85481.75;"C268435937";824931.46;931030.82;0;0
44;"PAYMENT";9686.69;"C2064374117";124370.0;114683.31;"M2102833545";0.0;0.0;0;0
207;"CASH_OUT";51129.18;"C1221927679";0.0;0.0;"C911103188";566936.93;618066.11;0;0
306;"CASH_OUT";24971.4;"C2088783081";0.0;0.0;"C201769895";8663633.16;8688604.56;0;0
399;"PAYMENT";1318.4;"C1719250863";163.0;0.0;"M1477835396";0.0;0.0;0;0
209;"CASH_OUT";76393.69;"C298237788";0.0;0.0;"C227419780";315714.02;392107.71;0;0
47;"CASH_OUT";214259.78;"C260036403";0.0;0.0;"C925835638";474793.39;689053.17;0;0
304;"CASH_OUT";454751.79;"C1991629561";61883.99;0.0;"C1464382127";2405807.06;2860558.86;0;0
158;"PAYMENT";12476.92;"C1038657986";1503.0;0.0;"M1783325170";0.0;0.0;0;0
375;"PAYMENT";41441.9;"C1294150583";84258.0;42816.1;"M689234044";0.0;0.0;0;0
370;"CASH_IN";64970.22;"C909899309";2131210.35;2196180.57;"C1900960512";101142.28;36172.06;0;0
346;"PAYMENT";20909.67;"C2149406";387394.0;366484.33;"M851736233";0.0;0.0;0;0
166;"DEBIT";1709.14;"C1962364238";0.0;0.0;"C1621302601";1091949.91;1093659.05;0;0
251;"CASH_IN";136191.99;"C231932072";4787.0;140978.99;"C943509154";183232.1;47040.11;0;0
15;"CASH_OUT";298364.92;"C337334";0.0;0.0;"C1971189236";461662.78;760027.7;0;0
354;"PAYMENT";32741.81;"C716708837";85992.56;53250.76;"M600343553";0.0;0.0;0;0
326;"CASH_IN";399081.74;"C1204528888";11426.0;410507.74;"C1332063247";4121872.54;3722790.81;0;0
13;"PAYMENT";351.12;"C1384736046";3085.0;2733.88;"M1740369189";0.0;0.0;0;0
370;"PAYMENT";21262.1;"C2096811072";16873.09;0.0;"M95356819";0.0;0.0;0;0
282;"CASH_IN";172321.69;"C1092531779";3175710.64;3348032.33;"C351951478";1312470.98;1140149.28;0;0
307;"CASH_OUT";84112.12;"C1468202675";0.0;0.0;"C1982771240";315664.65;399776.77;0;0
24;"PAYMENT";26727.04;"C101142462";1506.0;0.0;"M1910885948";0.0;0.0;0;0
351;"CASH_OUT";341030.47;"C136371466";41426.0;0.0;"C799274780";0.0;341030.47;0;0
326;"CASH_IN";11288.92;"C819678328";191.0;11479.92;"C1351023567";87459.76;76170.84;0;0
301;"PAYMENT";38537.08;"C2004917518";0.0;0.0;"M600399639";0.0;0.0;0;0
203;"CASH_OUT";226314.45;"C1552130371";75842.0;0.0;"C609846868";0.0;226314.45;0;0
180;"PAYMENT";5820.11;"C1226661686";0.0;0.0;"M1805658185";0.0;0.0;0;0
348;"PAYMENT";6007.9;"C1355440727";11241.0;5233.1;"M1494509366";0.0;0.0;0;0
284;"CASH_OUT";120509.14;"C541250069";0.0;0.0;"C1223594307";6650923.19;6264135.0;0;0
44;"CASH_IN";23528.27;"C1526478152";254596.94;278125.21;"C1049228732";2837240.62;2813712.35;0;0
140;"PAYMENT";16198.67;"C1521801362";0.0;0.0;"M997684123";0.0;0.0;0;0
253;"PAYMENT";2349.89;"C931072525";472845.72;470495.83;"M679347826";0.0;0.0;0;0
18;"PAYMENT";12022.43;"C129500087";1088.0;0.0;"M347645396";0.0;0.0;0;0
402;"PAYMENT";9036.74;"C1192906211";0.0;0.0;"M1159058058";0.0;0.0;0;0
347;"CASH_IN";27901.4;"C491270755";2036821.78;2064723.18;"C411059615";617948.79;590047.39;0;0
330;"TRANSFER";80029.69;"C121281928";0.0;0.0;"C890049718";695413.01;775442.7;0;0
490;"PAYMENT";4070.61;"C121960169";0.0;0.0;"M1042389175";0.0;0.0;0;0
286;"PAYMENT";26537.97;"C330475770";192478.09;165940.13;"M477983219";0.0;0.0;0;0
329;"PAYMENT";62015.9;"C1045629834";383.0;0.0;"M1721990866";0.0;0.0;0;0
93;"CASH_IN";79610.38;"C630145555";294.0;79904.38;"C434588595";0.0;0.0;0;0
354;"CASH_OUT";108848.02;"C1024296069";0.0;0.0;"C2004160862";2079220.01;2188068.03;0;0
36;"CASH_OUT";153331.56;"C383894008";14600.0;0.0;"C556281798";8160174.76;8785021.78;0;0
352;"CASH_OUT";1079.86;"C190408263";43166.0;42086.14;"C447942562";0.0;1079.86;0;0
375;"TRANSFER";1723890.18;"C926942831";0.0;0.0;"C2076028117";2717583.04;4441473.23;0;0
380;"PAYMENT";21472.57;"C1409737755";21567.0;94.43;"M642543";0.0;0.0;0;0
212;"PAYMENT";686.9;"C1859310362";39898.0;39211.1;"M236946500";0.0;0.0;0;0
11;"PAYMENT";3319.75;"C599868071";19067.0;15747.25;"M2002618524";0.0;0.0;0;0
153;"CASH_IN";205671.34;"C1086278214";75171.0;280842.34;"C105545473";0.0;0.0;0;0
17;"CASH_IN";431760.61;"C128994372";313.0;432073.61;"C755026369";94031.55;0.0;0;0
298;"CASH_OUT";374423.33;"C681142199";0.0;0.0;"C668832391";1340007.96;1714431.29;0;0
235;"CASH_OUT";232479.07;"C1346813187";0.0;0.0;"C1899283508";384775.0;617254.07;0;0
158;"DEBIT";2366.43;"C846082312";11078.0;8711.57;"C271358248";808650.16;1059368.55;0;0
380;"TRANSFER";40478.65;"C369527868";15507.0;0.0;"C1256804999";418.0;40896.65;0;0
13;"CASH_OUT";182742.79;"C613623376";922292.76;739549.97;"C345604111";115887.77;350069.48;0;0
305;"PAYMENT";9810.85;"C1932365888";0.0;0.0;"M1437220824";0.0;0.0;0;0
356;"CASH_IN";73981.93;"C1764627037";4708206.88;4782188.81;"C1955768822";1709854.3;1635872.37;0;0
160;"TRANSFER";491915.85;"C1048730224";0.0;0.0;"C330208735";536693.07;1028608.92;0;0
187;"PAYMENT";6200.52;"C965853151";244703.0;238502.48;"M832899157";0.0;0.0;0;0
280;"CASH_OUT";112242.65;"C1851438384";0.0;0.0;"C605500074";2195745.73;2307988.39;0;0
142;"PAYMENT";11740.39;"C310943586";566392.0;554651.61;"M1442202761";0.0;0.0;0;0
394;"CASH_OUT";68074.02;"C1870996434";11039.0;0.0;"C1432091926";75087.23;143161.25;0;0
251;"CASH_OUT";274509.62;"C1682223905";39859.0;0.0;"C50456381";303789.31;578298.94;0;0
18;"TRANSFER";1569949.04;"C1372829286";0.0;0.0;"C1695256733";2981742.09;4152348.32;0;0
514;"CASH_OUT";158917.89;"C1161206217";9052.0;0.0;"C242442472";0.0;158917.89;0;0
378;"TRANSFER";26578.66;"C1370233918";15242.92;0.0;"C2140086524";2192092.54;2218671.2;0;0
398;"CASH_IN";219599.16;"C798572609";3837398.99;4056998.15;"C1282617273";2081962.54;1862363.38;0;0
395;"CASH_OUT";324180.51;"C341993330";0.0;0.0;"C5453164";383781.49;707962.0;0;0
592;"CASH_IN";202157.61;"C2050318204";288339.0;490496.61;"C1683588084";62468.79;0.0;0;0
186;"PAYMENT";9122.53;"C253993830";0.0;0.0;"M410030748";0.0;0.0;0;0
396;"PAYMENT";16019.48;"C819364754";0.0;0.0;"M1925774747";0.0;0.0;0;0
140;"CASH_OUT";102060.22;"C1531977529";10033.0;0.0;"C1290467339";472767.59;574827.81;0;0
41;"CASH_OUT";264280.5;"C2056120241";0.0;0.0;"C297785169";4604509.8;4768444.52;0;0
202;"CASH_OUT";69153.1;"C638247438";22342.0;0.0;"C1337118273";62064.97;131218.07;0;0
522;"TRANSFER";535749.96;"C296494589";0.0;0.0;"C2125196372";2974554.14;3510304.1;0;0
143;"PAYMENT";10747.57;"C370352364";124792.38;114044.81;"M1610467483";0.0;0.0;0;0
226;"CASH_IN";356186.93;"C440421724";20894793.29;21250980.22;"C967127883";6904823.29;6548636.36;0;0
520;"CASH_IN";45585.46;"C1239121946";160040.0;205625.46;"C1888979984";1049598.7;1004013.24;0;0
617;"PAYMENT";9043.15;"C832290333";25431.0;16387.85;"M2078715650";0.0;0.0;0;0
306;"CASH_IN";377772.78;"C714551189";1803433.78;2181206.57;"C415853970";484873.52;107100.73;0;0
132;"PAYMENT";20477.79;"C1668060600";0.0;0.0;"M691713554";0.0;0.0;0;0
288;"CASH_OUT";86577.14;"C843962992";34861.2;0.0;"C184982184";584964.2;671541.33;0;0
332;"DEBIT";4163.04;"C943227182";0.0;0.0;"C18699796";124538.51;128701.55;0;0
323;"PAYMENT";2142.44;"C1897038972";31175.0;29032.56;"M1305173773";0.0;0.0;0;0
261;"CASH_OUT";154201.34;"C209662235";22255.0;0.0;"C1010432108";0.0;154201.34;0;0
399;"CASH_OUT";1504.93;"C1445312666";0.0;0.0;"C794893766";326318.26;327823.19;0;0
330;"CASH_IN";341441.58;"C645481976";2376933.33;2718374.91;"C496514639";1559794.52;1218352.94;0;0
281;"CASH_OUT";108242.39;"C379816383";0.0;0.0;"C2102809044";2303474.15;2411716.54;0;0
209;"CASH_OUT";149471.02;"C413947893";15132.99;0.0;"C1042768077";355339.84;504810.86;0;0
284;"TRANSFER";687919.81;"C1755248791";139128.0;0.0;"C1692452148";121551.51;809471.32;0;0
177;"TRANSFER";452804.42;"C1206970364";452804.42;0.0;"C218347710";0.0;0.0;1;0
396;"CASH_OUT";74864.1;"C1868632000";0.0;0.0;"C1645389747";3022463.62;3097327.72;0;0
188;"CASH_OUT";61210.77;"C421156089";0.0;0.0;"C214968809";12767775.49;12828986.26;0;0
355;"CASH_OUT";160335.92;"C1395652329";0.0;0.0;"C778459251";1315658.52;1475994.44;0;0
203;"CASH_OUT";347817.09;"C240867172";10144.0;0.0;"C1672343143";6529013.25;6876830.34;0;0
137;"CASH_OUT";172785.31;"C476493533";0.0;0.0;"C1436391758";1611288.83;2153666.19;0;0
235;"CASH_IN";147694.57;"C1791750155";916.0;148610.57;"C2017009224";9118300.72;8970606.15;0;0
249;"PAYMENT";15384.15;"C1960370370";0.0;0.0;"M2129749504";0.0;0.0;0;0
134;"DEBIT";4397.55;"C475711423";0.0;0.0;"C1749956489";2863234.77;2867632.32;0;0
187;"CASH_IN";47624.56;"C303472019";15746578.02;15794202.58;"C857884484";1148648.89;1101024.33;0;0
329;"CASH_OUT";30691.77;"C1846949142";1104.0;0.0;"C598649559";0.0;30691.77;0;0
574;"CASH_IN";477267.62;"C1736848529";1752225.81;2229493.43;"C400793136";636870.97;159603.35;0;0
162;"TRANSFER";336973.86;"C1206279928";0.0;0.0;"C436918485";2511164.49;2848138.35;0;0
252;"TRANSFER";565107.0;"C2064527711";93824.68;0.0;"C553602983";5371794.14;5936901.14;0;0
8;"TRANSFER";771743.64;"C268080710";0.0;0.0;"C842729010";4341301.6;5291217.05;0;0
398;"CASH_OUT";44089.69;"C2137095626";130618.0;86528.31;"C1905472836";475421.81;519511.51;0;0
258;"CASH_IN";169119.52;"C799045366";1093969.01;1263088.53;"C404922097";303189.2;134069.68;0;0
154;"TRANSFER";1627118.89;"C1527455028";0.0;0.0;"C264571973";6382312.71;8009431.6;0;0
9;"PAYMENT";5773.11;"C1803843525";29676.08;23902.98;"M1864525826";0.0;0.0;0;0
213;"CASH_OUT";9114.21;"C55483387";13668.0;4553.79;"C1338330284";0.0;9114.21;0;0
206;"PAYMENT";12702.76;"C1025442415";24773.0;12070.24;"M907068453";0.0;0.0;0;0
134;"CASH_IN";113441.83;"C1899688248";1887971.52;2001413.35;"C147883422";1310342.85;1196901.03;0;0
379;"PAYMENT";26219.58;"C1878610290";19987.0;0.0;"M1699595969";0.0;0.0;0;0
181;"CASH_OUT";300307.84;"C861689952";0.0;0.0;"C198319956";369060.13;669367.98;0;0
381;"TRANSFER";177092.1;"C676134917";0.0;0.0;"C260273690";1025519.86;1202611.95;0;0
403;"PAYMENT";7781.07;"C223662710";0.0;0.0;"M1210188190";0.0;0.0;0;0
154;"CASH_OUT";106199.74;"C1632525272";0.0;0.0;"C1934716377";481124.34;587324.07;0;0
38;"CASH_OUT";132653.94;"C507667248";50722.0;0.0;"C601657103";1092145.95;1224799.89;0;0
226;"CASH_OUT";297398.79;"C338282982";15237.0;0.0;"C735307429";0.0;297398.79;0;0
137;"TRANSFER";453803.05;"C1377295792";0.0;0.0;"C1109783085";1847515.06;2301318.12;0;0
274;"CASH_IN";71508.44;"C1833566889";30114.0;101622.44;"C436575267";251760.54;180252.1;0;0
401;"PAYMENT";4544.59;"C942512761";926.0;0.0;"M531510328";0.0;0.0;0;0
19;"PAYMENT";27450.26;"C385885998";0.0;0.0;"M937301316";0.0;0.0;0;0
474;"TRANSFER";6460946.66;"C1251402735";237327.8;0.0;"C632451489";9867321.21;16328267.87;0;0
187;"CASH_OUT";228060.45;"C1160445901";42106.0;0.0;"C549516871";360089.75;588150.19;0;0
188;"PAYMENT";5182.42;"C2112949779";25201.28;20018.85;"M1429585785";0.0;0.0;0;0
20;"CASH_OUT";15930.66;"C1632184986";5611.0;0.0;"C1603347344";1309653.21;2298262.12;0;0
308;"CASH_IN";563573.72;"C243201219";8044442.74;8608016.46;"C582561396";1328282.32;764708.59;0;0
305;"CASH_OUT";24347.38;"C1990792134";29791.0;5443.62;"C1326781306";44924.99;69272.36;0;0
478;"PAYMENT";3934.19;"C1885620303";12165.59;8231.4;"M1571464323";0.0;0.0;0;0
276;"PAYMENT";2101.67;"C39028232";55166.0;53064.33;"M1633522025";0.0;0.0;0;0
138;"CASH_OUT";176949.74;"C184895360";40099.0;0.0;"C725737822";0.0;176949.74;0;0
162;"CASH_IN";125107.08;"C695977024";341250.0;466357.08;"C253504345";0.0;0.0;0;0
185;"CASH_OUT";132806.43;"C1847192088";60.0;0.0;"C1620345082";0.0;132806.43;0;0
139;"PAYMENT";18468.84;"C1184556551";228630.71;210161.87;"M351126627";0.0;0.0;0;0
346;"CASH_IN";382191.56;"C656678033";2946503.71;3328695.27;"C1351468834";2449196.15;2067004.6;0;0
305;"CASH_IN";190188.6;"C899843144";13876166.23;14066354.83;"C1016709592";308598.31;118409.71;0;0
185;"PAYMENT";5411.38;"C90036353";71877.0;66465.62;"M1515180145";0.0;0.0;0;0
16;"PAYMENT";3816.11;"C712575325";0.0;0.0;"M474648498";0.0;0.0;0;0
14;"PAYMENT";505.24;"C219713186";0.0;0.0;"M224209617";0.0;0.0;0;0
202;"TRANSFER";813547.43;"C746705657";0.0;0.0;"C256745156";3754757.82;4568305.25;0;0
279;"CASH_IN";29264.75;"C960529814";21953367.85;21982632.6;"C1550393379";1714136.29;1684871.54;0;0
130;"CASH_IN";61166.21;"C965856354";3026857.69;3088023.89;"C1862951630";5049620.26;4988454.05;0;0
140;"PAYMENT";9063.65;"C1895204481";288.0;0.0;"M2063236754";0.0;0.0;0;0
274;"PAYMENT";7746.22;"C62588116";22773.41;15027.19;"M919658934";0.0;0.0;0;0
232;"CASH_OUT";138165.12;"C305734609";33336.0;0.0;"C1489103621";0.0;138165.12;0;0
162;"PAYMENT";20420.44;"C1200713580";0.0;0.0;"M3014514";0.0;0.0;0;0
278;"PAYMENT";2007.1;"C438582314";347951.51;345944.41;"M1204467942";0.0;0.0;0;0
216;"PAYMENT";9104.85;"C1964614495";13424.0;4319.15;"M8127867";0.0;0.0;0;0
178;"CASH_OUT";362106.11;"C298599366";41128.97;0.0;"C977281429";2028659.11;2390765.22;0;0
229;"CASH_OUT";287565.14;"C1248577857";2002.0;0.0;"C465412313";90154.62;377719.76;0;0
160;"PAYMENT";5047.53;"C957335234";0.0;0.0;"M1195246463";0.0;0.0;0;0
522;"CASH_OUT";253397.99;"C826191532";0.0;0.0;"C1838047837";967431.98;1220829.97;0;0
379;"CASH_OUT";218801.05;"C220628937";0.0;0.0;"C1133999867";3061202.6;3280003.65;0;0
279;"TRANSFER";483038.55;"C502278951";196641.57;0.0;"C1670912304";286886.08;769924.64;0;0
181;"TRANSFER";406233.79;"C790712581";285.0;0.0;"C1648131320";0.0;406233.79;0;0
372;"CASH_OUT";104120.82;"C70721702";0.0;0.0;"C1736823075";3211522.23;3315643.05;0;0
211;"PAYMENT";4039.23;"C1843154946";101.0;0.0;"M1026794017";0.0;0.0;0;0
163;"TRANSFER";570044.28;"C506095490";1072.0;0.0;"C1436914511";292545.99;862590.27;0;0
234;"TRANSFER";469600.96;"C722148250";0.0;0.0;"C1689745179";980395.36;1449996.32;0;0
370;"PAYMENT";15191.93;"C963887288";53340.28;38148.35;"M1363704313";0.0;0.0;0;0
275;"CASH_OUT";46403.84;"C1116796413";79631.0;33227.16;"C1336808106";0.0;46403.84;0;0
36;"PAYMENT";27140.08;"C1892301942";50282.0;23141.92;"M1512021221";0.0;0.0;0;0
305;"CASH_OUT";150228.59;"C1876638329";645.0;0.0;"C1821485066";0.0;150228.59;0;0
205;"CASH_OUT";85895.36;"C2020727343";0.0;0.0;"C124961136";2415502.3;2501397.66;0;0
274;"CASH_OUT";82405.83;"C683768850";0.0;0.0;"C1080375847";246659.23;329065.06;0;0
43;"CASH_IN";141553.6;"C1137658676";50894.0;192447.6;"C1251104347";0.0;0.0;0;0
251;"TRANSFER";450974.7;"C247431380";0.0;0.0;"C776659500";817511.31;1268486.01;0;0
262;"CASH_OUT";66139.3;"C347999207";0.0;0.0;"C1979147006";5101329.94;5167469.24;0;0
280;"CASH_IN";10036.38;"C678040438";5363216.86;5373253.24;"C445582385";1860905.47;1850869.1;0;0
413;"PAYMENT";3427.61;"C875031675";11118.0;7690.39;"M403958486";0.0;0.0;0;0
39;"PAYMENT";7851.8;"C938028816";294606.44;286754.64;"M5636393";0.0;0.0;0;0
377;"CASH_IN";25889.83;"C1936433002";2475326.33;2501216.16;"C1075260381";148746.43;122856.6;0;0
302;"CASH_OUT";212600.13;"C434935381";161973.0;0.0;"C755621743";165873.25;378473.38;0;0
258;"CASH_OUT";403007.57;"C2102263173";0.0;0.0;"C104966991";533533.55;936541.11;0;0
353;"PAYMENT";2652.01;"C1098955925";13790.0;11137.99;"M385845630";0.0;0.0;0;0
304;"PAYMENT";12710.65;"C1040520339";0.0;0.0;"M920304797";0.0;0.0;0;0
37;"CASH_OUT";320075.87;"C1073100492";11062.0;0.0;"C770082623";18699.0;338774.87;0;0
324;"CASH_OUT";77480.8;"C2120502670";0.0;0.0;"C19455572";663774.48;741255.29;0;0
277;"PAYMENT";7382.93;"C134341512";0.0;0.0;"M1610062850";0.0;0.0;0;0
370;"PAYMENT";6882.04;"C1611728093";176.0;0.0;"M280931090";0.0;0.0;0;0
228;"TRANSFER";1899640.34;"C763558336";61275.0;0.0;"C371755223";0.0;1899640.34;0;0
372;"TRANSFER";308785.52;"C312724498";14940.0;0.0;"C1731608481";0.0;308785.52;0;0
34;"CASH_IN";361951.76;"C791779243";432433.91;794385.68;"C351614062";584007.37;212168.61;0;0
37;"PAYMENT";1701.15;"C1107657079";0.0;0.0;"M1853768828";0.0;0.0;0;0
44;"CASH_OUT";116795.81;"C1693508521";0.0;0.0;"C783654411";7147129.22;7263925.03;0;0
303;"PAYMENT";2354.3;"C946021342";0.0;0.0;"M963806031";0.0;0.0;0;0
274;"PAYMENT";7021.66;"C1008335320";4038.0;0.0;"M21766103";0.0;0.0;0;0
184;"PAYMENT";20732.1;"C874896058";293.0;0.0;"M863160478";0.0;0.0;0;0
37;"CASH_OUT";101139.5;"C1155950098";0.0;0.0;"C94637457";123697.45;224836.95;0;0
298;"CASH_OUT";45933.43;"C1202528602";0.0;0.0;"C654133371";2409726.45;2455659.88;0;0
405;"PAYMENT";4292.53;"C858402342";99578.0;95285.47;"M1328627289";0.0;0.0;0;0
403;"PAYMENT";16463.01;"C1742834017";414969.99;398506.98;"M120598550";0.0;0.0;0;0
355;"TRANSFER";758610.49;"C258530324";0.0;0.0;"C427849231";1177465.94;1936076.43;0;0
380;"CASH_IN";395983.57;"C1402415140";3950863.76;4346847.33;"C372748091";9895289.08;9499305.51;0;0
428;"CASH_IN";55030.15;"C1766368074";61418.0;116448.15;"C839488836";104808.11;49777.96;0;0
381;"PAYMENT";5369.35;"C482922697";50937.0;45567.65;"M870180994";0.0;0.0;0;0
284;"CASH_OUT";267659.36;"C1810852743";0.0;0.0;"C370428315";3783757.83;4051417.19;0;0
281;"CASH_IN";239905.87;"C79564880";51725.0;291630.87;"C1974060990";5067492.66;4827586.78;0;0
384;"CASH_OUT";69567.45;"C1710799677";0.0;0.0;"C1855917964";714734.94;784302.39;0;0
327;"PAYMENT";10896.41;"C812651681";202479.0;191582.59;"M297670865";0.0;0.0;0;0
183;"CASH_IN";167505.48;"C1312623866";3518382.2;3685887.68;"C1330118655";3483899.03;3316393.55;0;0
162;"CASH_OUT";23797.37;"C1598513964";0.0;0.0;"C1772240003";234826.45;258623.82;0;0
257;"CASH_OUT";89706.81;"C2131046248";541.0;0.0;"C475676009";436308.38;526015.19;0;0
251;"PAYMENT";9511.11;"C1675437598";113402.0;103890.89;"M2048638899";0.0;0.0;0;0
44;"PAYMENT";7716.82;"C18592815";41012.0;33295.18;"M2113577593";0.0;0.0;0;0
236;"CASH_IN";628461.52;"C1162724194";13095138.1;13723599.62;"C116145090";1696329.87;1067868.35;0;0
408;"PAYMENT";10712.77;"C1307943416";10770.0;57.23;"M1006500157";0.0;0.0;0;0
94;"CASH_IN";148063.53;"C2126679244";1011049.79;1159113.32;"C1757079633";2214331.5;2066267.97;0;0
204;"PAYMENT";5674.29;"C37711490";0.0;0.0;"M1983770356";0.0;0.0;0;0
44;"CASH_IN";109443.39;"C1135046149";2791.0;112234.39;"C597159026";3123992.65;3014549.26;0;0
307;"CASH_IN";240295.66;"C1625817460";26646.0;266941.66;"C810391352";0.0;0.0;0;0
403;"CASH_IN";150169.74;"C380259398";6974542.86;7124712.61;"C1975737862";992382.53;842212.79;0;0
227;"PAYMENT";5171.46;"C1643859535";170116.76;164945.3;"M1621526504";0.0;0.0;0;0
346;"PAYMENT";3453.6;"C558762626";161629.9;158176.3;"M688315627";0.0;0.0;0;0
384;"PAYMENT";4758.69;"C1761308379";69859.0;65100.31;"M163153782";0.0;0.0;0;0
281;"CASH_IN";74938.43;"C418578252";140.0;75078.43;"C1733188058";1852187.37;1777248.95;0;0
161;"CASH_OUT";101664.84;"C1620116145";72730.0;0.0;"C5976887";89441.08;191105.92;0;0
212;"CASH_OUT";28301.2;"C132207140";57420.0;29118.8;"C57882404";2441670.1;2469971.3;0;0
131;"CASH_OUT";23431.47;"C1778793743";0.0;0.0;"C1184451857";1438364.03;1461795.5;0;0
42;"CASH_IN";364196.85;"C2063627267";11567.0;375763.85;"C1365922551";636134.88;271938.03;0;0
9;"CASH_IN";175282.9;"C1432700167";7534262.79;7709545.69;"C1694246418";912612.73;447889.12;0;0
251;"CASH_IN";375138.75;"C10052661";542197.21;917335.96;"C568903407";875474.29;500335.54;0;0
328;"CASH_OUT";144433.73;"C230742614";173006.69;28572.96;"C1947581414";2251882.03;2396315.76;0;0
346;"PAYMENT";25222.86;"C2075869947";32901.0;7678.14;"M1568463602";0.0;0.0;0;0
594;"CASH_OUT";20498.53;"C1948261837";60363.0;39864.47;"C242578672";246018.02;266516.54;0;0
405;"PAYMENT";15274.28;"C236809614";0.0;0.0;"M2069253842";0.0;0.0;0;0
19;"PAYMENT";2906.5;"C2118924638";0.0;0.0;"M121007949";0.0;0.0;0;0
370;"PAYMENT";32343.59;"C1450403186";0.0;0.0;"M416033931";0.0;0.0;0;0
325;"PAYMENT";7539.93;"C592850490";12194.0;4654.07;"M1507874428";0.0;0.0;0;0
182;"CASH_IN";118949.2;"C1938376114";8651952.49;8770901.69;"C1064363366";1817454.05;1698504.85;0;0
253;"CASH_OUT";171529.21;"C1541134394";0.0;0.0;"C1390334791";346635.99;518165.21;0;0
139;"CASH_OUT";145660.52;"C400963754";63018.0;0.0;"C1306228515";6391544.08;6537204.6;0;0
544;"CASH_IN";274802.13;"C1956891361";42029.0;316831.13;"C1682785477";0.0;0.0;0;0
165;"CASH_OUT";79198.63;"C385415791";0.0;0.0;"C1747784337";517572.03;596770.66;0;0
299;"CASH_OUT";111391.8;"C302706651";42008.0;0.0;"C621695378";86151.12;197542.93;0;0
140;"CASH_IN";173200.54;"C1132445551";195963.93;369164.48;"C620994419";182170.04;8969.5;0;0
379;"TRANSFER";292232.84;"C489367319";0.0;0.0;"C712261910";1022196.06;1314428.91;0;0
397;"CASH_OUT";71358.58;"C1293812446";0.0;0.0;"C713188955";204831.52;276190.1;0;0
154;"CASH_IN";1617.4;"C576868383";21407.0;23024.4;"C1408855263";504816.4;503199.0;0;0
204;"CASH_OUT";138405.45;"C1992383558";0.0;0.0;"C2025476595";232912.97;371318.42;0;0
18;"PAYMENT";380.18;"C1642696048";0.0;0.0;"M1454369139";0.0;0.0;0;0
210;"CASH_IN";212247.33;"C814226664";381681.96;593929.29;"C1929757266";849531.02;637283.69;0;0
394;"CASH_IN";181470.21;"C1309369734";100196.0;281666.21;"C2087733519";517813.51;336343.29;0;0
22;"CASH_IN";59619.21;"C803994442";1606696.59;1666315.8;"C129822658";128190.57;68571.36;0;0
161;"CASH_IN";164696.07;"C79372556";2767910.54;2932606.62;"C1250780969";265482.74;100786.67;0;0
280;"PAYMENT";457.93;"C1619833892";610.0;152.07;"M1757934808";0.0;0.0;0;0
283;"PAYMENT";4581.34;"C1661797808";92951.53;88370.19;"M1823023632";0.0;0.0;0;0
369;"CASH_OUT";114638.68;"C1218465920";76215.2;0.0;"C1130967656";1509885.01;1624523.69;0;0
43;"PAYMENT";2132.47;"C1975057953";74745.46;72612.99;"M297975604";0.0;0.0;0;0
257;"TRANSFER";88533.0;"C950334372";0.0;0.0;"C852342128";517869.95;606402.95;0;0
687;"PAYMENT";4053.59;"C1103804563";31176.0;27122.41;"M2085200504";0.0;0.0;0;0
369;"PAYMENT";6340.34;"C1525230105";186140.56;179800.22;"M2076518870";0.0;0.0;0;0
134;"PAYMENT";2837.04;"C1223912597";0.0;0.0;"M1613475961";0.0;0.0;0;0
263;"PAYMENT";28990.24;"C1090388664";0.0;0.0;"M1739702152";0.0;0.0;0;0
352;"CASH_OUT";354967.6;"C137431469";0.0;0.0;"C1322169631";2274249.58;2629217.18;0;0
9;"TRANSFER";86707.79;"C627862982";0.0;0.0;"C159092607";90830.0;28743.78;0;0
179;"CASH_OUT";12190.44;"C975040152";0.0;0.0;"C1967634061";7534522.54;7546712.98;0;0
227;"CASH_IN";67053.38;"C1525026866";22856.0;89909.38;"C487703950";167471.59;100418.21;0;0
226;"PAYMENT";7738.5;"C600369413";7545.0;0.0;"M1633072808";0.0;0.0;0;0
351;"PAYMENT";22994.53;"C307694748";79677.0;56682.47;"M112061274";0.0;0.0;0;0
160;"CASH_OUT";179934.19;"C335382041";0.0;0.0;"C2040423058";229338.67;409272.86;0;0
254;"PAYMENT";15255.95;"C611880711";2403.0;0.0;"M867926203";0.0;0.0;0;0
522;"PAYMENT";209.04;"C1810436986";57893.0;57683.96;"M1032560816";0.0;0.0;0;0
405;"CASH_IN";77422.06;"C1903794044";25042.0;102464.06;"C1809997993";0.0;0.0;0;0
381;"TRANSFER";497031.98;"C816255268";431.0;0.0;"C1707644728";493589.56;990621.54;0;0
349;"CASH_OUT";311325.56;"C1526370563";0.0;0.0;"C11391261";3054899.19;3366224.75;0;0
211;"TRANSFER";1088310.55;"C1902477723";0.0;0.0;"C1769950234";1682971.55;2771282.11;0;0
162;"CASH_IN";117228.74;"C1287486221";917500.07;1034728.81;"C1202654126";139321.17;22092.43;0;0
356;"TRANSFER";951099.88;"C2023662578";0.0;0.0;"C949458242";3005501.15;3956601.03;0;0
16;"CASH_OUT";217257.36;"C1355893018";0.0;0.0;"C1721892488";3120040.15;3337297.51;0;0
188;"PAYMENT";2249.45;"C1858543203";241112.58;238863.13;"M745908455";0.0;0.0;0;0
451;"PAYMENT";9658.1;"C1729957069";69721.0;60062.9;"M873116623";0.0;0.0;0;0
525;"PAYMENT";85685.42;"C2066027185";119618.0;33932.58;"M1264007793";0.0;0.0;0;0
372;"CASH_OUT";26569.43;"C17608530";10491.0;0.0;"C1203665051";227119.86;253689.29;0;0
393;"CASH_OUT";13582.7;"C155048860";0.0;0.0;"C1203258791";256017.33;269600.03;0;0
278;"TRANSFER";636673.45;"C1277655879";0.0;0.0;"C602543569";1436060.82;2072734.26;0;0
160;"TRANSFER";1729073.22;"C1587109352";0.0;0.0;"C418387346";3264268.74;4993341.96;0;0
235;"PAYMENT";8480.31;"C187870269";22753.0;14272.69;"M24402295";0.0;0.0;0;0
254;"CASH_IN";321313.86;"C1074345476";72800.0;394113.86;"C857776375";0.0;0.0;0;0
251;"CASH_OUT";169268.09;"C286668443";19859.0;0.0;"C1634302140";0.0;169268.09;0;0
37;"CASH_OUT";171470.08;"C1173372983";10674.0;0.0;"C234320492";362307.42;533777.5;0;0
40;"TRANSFER";442972.75;"C1689405040";0.0;0.0;"C1482455618";2284393.92;2972348.66;0;0
18;"CASH_OUT";214725.64;"C167828726";77752.78;0.0;"C1282282294";252626.95;467352.59;0;0
13;"CASH_OUT";109951.97;"C1916004964";9174.0;0.0;"C1445161803";6334.26;109201.69;0;0
252;"PAYMENT";11124.58;"C1894703751";70953.0;59828.42;"M224482673";0.0;0.0;0;0
253;"PAYMENT";40795.7;"C2100359180";10.0;0.0;"M1435229639";0.0;0.0;0;0
331;"CASH_OUT";148297.04;"C446308350";114758.0;0.0;"C31276583";285930.52;434227.56;0;0
355;"CASH_OUT";78743.61;"C2091425125";11579.0;0.0;"C1724591216";91675.93;170419.54;0;0
306;"CASH_IN";55003.93;"C1456010923";4252472.15;4307476.09;"C1990861350";84237.31;29233.38;0;0
304;"PAYMENT";11066.28;"C1205667759";0.0;0.0;"M452429909";0.0;0.0;0;0
357;"CASH_IN";292742.78;"C363055531";4334506.02;4627248.8;"C1913513067";559964.27;267221.5;0;0
474;"CASH_IN";131653.35;"C755572462";53078.0;184731.35;"C1799448102";0.0;0.0;0;0
208;"CASH_OUT";176833.71;"C891430270";0.0;0.0;"C330725726";1073293.37;1029963.0;0;0
188;"CASH_OUT";84565.02;"C1274208598";152911.0;68345.98;"C224960099";0.0;84565.02;0;0
396;"PAYMENT";22658.82;"C788337955";79485.0;56826.18;"M2023142899";0.0;0.0;0;0
189;"PAYMENT";6670.3;"C754155026";21395.0;14724.7;"M1095901947";0.0;0.0;0;0
403;"CASH_IN";115777.29;"C48148597";1159.0;116936.29;"C682837787";1332441.73;1216664.44;0;0
232;"CASH_OUT";54032.57;"C1499937795";0.0;0.0;"C962357709";103885.9;157918.47;0;0
137;"CASH_OUT";118012.33;"C762680928";27485.0;0.0;"C828387448";0.0;118012.33;0;0
379;"CASH_OUT";140905.72;"C1139975173";0.0;0.0;"C1640532094";1111352.69;1252258.41;0;0
308;"PAYMENT";18247.91;"C1301538744";491614.4;473366.49;"M800343070";0.0;0.0;0;0
20;"PAYMENT";2431.38;"C193077081";0.0;0.0;"M879420175";0.0;0.0;0;0
349;"PAYMENT";13774.12;"C579138258";23550.0;9775.88;"M992118991";0.0;0.0;0;0
202;"CASH_IN";53437.75;"C1825557937";119352.0;172789.75;"C421305206";4006511.1;3953073.35;0;0
544;"CASH_IN";75183.38;"C1960778486";20096.0;95279.38;"C805962052";1915256.89;1840073.51;0;0
205;"TRANSFER";333577.45;"C1707278593";0.0;0.0;"C1286615126";886052.03;1219629.49;0;0
304;"PAYMENT";10969.29;"C862443405";61911.0;50941.71;"M1666306810";0.0;0.0;0;0
183;"PAYMENT";1566.02;"C672378727";0.0;0.0;"M1058898824";0.0;0.0;0;0
141;"CASH_OUT";118217.41;"C771943793";10838.0;0.0;"C573210183";187483.48;305700.89;0;0
329;"CASH_OUT";114500.1;"C1116309108";0.0;0.0;"C327901330";728094.98;842595.08;0;0
259;"PAYMENT";4634.98;"C1515370753";0.0;0.0;"M558915936";0.0;0.0;0;0
276;"PAYMENT";111.63;"C284487485";0.0;0.0;"M468184516";0.0;0.0;0;0
397;"CASH_OUT";238856.57;"C765025172";69202.0;0.0;"C2111715359";266017.97;504874.54;0;0
8;"TRANSFER";1068819.73;"C2046784543";124119.0;0.0;"C7881234";0.0;1100454.23;0;0
235;"TRANSFER";1801344.41;"C285419583";68001.0;0.0;"C569802980";24841.88;1826186.29;0;0
38;"PAYMENT";24037.84;"C1380780233";20756.0;0.0;"M633649708";0.0;0.0;0;0
585;"CASH_IN";610831.51;"C1990123499";10002.0;620833.51;"C844349247";27811.43;0.0;0;0
134;"TRANSFER";11279.77;"C1895301078";599096.0;587816.23;"C1791826052";0.0;11279.77;0;0
356;"PAYMENT";11726.91;"C708064243";0.0;0.0;"M1230850499";0.0;0.0;0;0
252;"TRANSFER";488471.25;"C1141471001";141070.0;0.0;"C1317480904";0.0;488471.25;0;0
239;"TRANSFER";139873.53;"C560264785";0.0;0.0;"C794358930";7865094.71;8004968.25;0;0
589;"PAYMENT";16892.24;"C1995097761";0.0;0.0;"M1624893570";0.0;0.0;0;0
686;"CASH_IN";136871.95;"C27221731";84.0;136955.95;"C1695982417";548932.32;412060.37;0;0
141;"PAYMENT";14800.29;"C38392331";546039.0;531238.71;"M1226467730";0.0;0.0;0;0
179;"CASH_IN";173369.07;"C1094541888";4744994.55;4918363.62;"C386724472";4678769.06;4505399.99;0;0
351;"PAYMENT";7214.39;"C2008873502";1152.0;0.0;"M96734377";0.0;0.0;0;0
19;"PAYMENT";5933.05;"C220829460";132653.35;126720.3;"M1244545937";0.0;0.0;0;0
208;"PAYMENT";15123.43;"C2110052739";6700.31;0.0;"M2014687807";0.0;0.0;0;0
159;"CASH_IN";62810.04;"C461458908";3128348.89;3191158.93;"C1191076770";3337429.15;2769799.24;0;0
379;"CASH_IN";245073.09;"C1501993110";4914445.06;5159518.15;"C626653651";283455.21;38382.12;0;0
353;"CASH_IN";537525.68;"C1119899402";10901.0;548426.68;"C844454316";593187.42;55661.74;0;0
44;"PAYMENT";5115.42;"C213790280";40197.01;35081.59;"M41684483";0.0;0.0;0;0
135;"CASH_OUT";113804.54;"C602437311";311.0;0.0;"C689483405";1159169.95;1272974.48;0;0
299;"CASH_OUT";353203.68;"C889635780";150.0;0.0;"C1257375589";370674.74;723878.42;0;0
187;"CASH_OUT";210490.6;"C1235471524";11537.0;0.0;"C370969409";981397.94;1191888.54;0;0
94;"PAYMENT";4313.84;"C1919404777";34996.29;30682.45;"M146431174";0.0;0.0;0;0
422;"CASH_OUT";8237.84;"C1114726337";206980.0;198742.16;"C321525144";0.0;8237.84;0;0
302;"CASH_OUT";9359.47;"C1708886388";0.0;0.0;"C2048690243";463137.73;472497.2;0;0
548;"CASH_OUT";249334.87;"C231375358";45285.66;0.0;"C1872474355";2713263.98;2962598.85;0;0
138;"PAYMENT";2791.38;"C917511321";84027.12;81235.74;"M237123733";0.0;0.0;0;0
33;"PAYMENT";19701.51;"C62635217";65781.97;46080.46;"M1321269505";0.0;0.0;0;0
160;"PAYMENT";722.91;"C267570016";0.0;0.0;"M773061845";0.0;0.0;0;0
394;"PAYMENT";19954.52;"C136414712";0.0;0.0;"M836158029";0.0;0.0;0;0
401;"CASH_IN";48971.32;"C1678869260";16634.0;65605.32;"C1736251573";0.0;0.0;0;0
251;"PAYMENT";3784.77;"C463401684";0.0;0.0;"M426986882";0.0;0.0;0;0
279;"CASH_OUT";283987.02;"C138612508";0.0;0.0;"C515254621";455303.98;739291.0;0;0
330;"PAYMENT";17555.28;"C1007897224";0.0;0.0;"M1153882868";0.0;0.0;0;0
13;"CASH_IN";3958.46;"C409120488";7896410.97;7900369.43;"C590333606";181584.31;177625.85;0;0
45;"TRANSFER";183425.03;"C1872772382";1504.0;0.0;"C2022285491";173665.04;357090.07;0;0
42;"CASH_OUT";215999.31;"C1664925012";4003.0;0.0;"C344614646";530349.55;792286.02;0;0
129;"TRANSFER";981234.0;"C1479833549";0.0;0.0;"C930921946";2693528.98;4190588.29;0;0
163;"CASH_OUT";163220.71;"C1233296224";25459.0;0.0;"C235413143";0.0;163220.71;0;0
229;"CASH_IN";60077.4;"C822404602";9998693.04;10058770.44;"C952022860";696354.37;636276.96;0;0
165;"PAYMENT";3989.57;"C1631004200";8996.04;5006.47;"M878504652";0.0;0.0;0;0
281;"PAYMENT";8194.52;"C1866583521";0.0;0.0;"M241344401";0.0;0.0;0;0
20;"PAYMENT";8379.52;"C983118935";0.0;0.0;"M1326181236";0.0;0.0;0;0
163;"CASH_IN";269141.63;"C1550026457";880639.8;1149781.44;"C635807624";1981645.09;1712503.46;0;0
380;"PAYMENT";4788.99;"C1490903914";19238.0;14449.01;"M562338686";0.0;0.0;0;0
684;"CASH_IN";87976.28;"C1948561238";1439.0;89415.28;"C2020798809";0.0;0.0;0;0
210;"PAYMENT";6934.71;"C1545707967";0.0;0.0;"M831381589";0.0;0.0;0;0
325;"CASH_IN";25496.5;"C2010713034";323827.82;349324.32;"C979101840";1400327.35;1374830.86;0;0
349;"TRANSFER";420598.57;"C1397818368";0.0;0.0;"C739556478";458481.2;879079.77;0;0
355;"CASH_IN";235206.39;"C1966859623";87023.0;322229.39;"C688654689";314034.65;78828.26;0;0
474;"CASH_OUT";227213.54;"C375626449";0.0;0.0;"C385462022";416228.46;643442.01;0;0
400;"TRANSFER";2236487.98;"C1848805336";0.0;0.0;"C2018248828";4735990.96;6972478.94;0;0
300;"PAYMENT";19130.95;"C1135641142";0.0;0.0;"M1525183737";0.0;0.0;0;0
284;"PAYMENT";2497.78;"C1348412741";59790.0;57292.22;"M440837260";0.0;0.0;0;0
326;"PAYMENT";2613.63;"C745671112";0.0;0.0;"M1407570509";0.0;0.0;0;0
281;"TRANSFER";157807.53;"C1209839996";0.0;0.0;"C1245102430";212514.5;370322.03;0;0
404;"CASH_OUT";285607.55;"C866108203";0.0;0.0;"C302006088";1401304.62;1686912.17;0;0
383;"PAYMENT";13175.04;"C1772836058";54997.0;41821.96;"M873669540";0.0;0.0;0;0
203;"CASH_OUT";819360.39;"C562627039";0.0;0.0;"C1215821471";1172791.19;1992151.58;0;0
16;"CASH_OUT";28868.32;"C901613659";0.0;0.0;"C1234429486";1356090.7;2424512.44;0;0
381;"CASH_IN";139148.82;"C2045420053";349805.1;488953.92;"C76927577";198989.04;59840.22;0;0
1;"TRANSFER";21502.38;"C1517116047";0.0;0.0;"C1023714065";2361788.82;1412484.09;0;0
251;"CASH_IN";279173.17;"C1812578190";988.0;280161.17;"C1922159427";44297.98;0.0;0;0
589;"CASH_OUT";145428.11;"C110572522";0.0;0.0;"C435437011";1179935.74;1325363.85;0;0
349;"CASH_IN";327328.17;"C1465291106";48489.0;375817.17;"C1989147208";2944158.66;2616830.49;0;0
400;"PAYMENT";11029.59;"C542105007";0.0;0.0;"M1360844795";0.0;0.0;0;0
187;"TRANSFER";13039.61;"C1327861877";0.0;0.0;"C1864682";2059563.32;2072602.93;0;0
400;"PAYMENT";14269.82;"C1930091183";10705.0;0.0;"M421023107";0.0;0.0;0;0
139;"CASH_IN";86373.26;"C1064029521";683471.22;769844.48;"C757946247";438271.71;351898.46;0;0
182;"CASH_IN";130697.93;"C650216914";1184457.43;1315155.35;"C1240119211";821777.53;691079.6;0;0
349;"PAYMENT";36951.35;"C1573319342";102855.0;65903.65;"M928569292";0.0;0.0;0;0
184;"CASH_OUT";235302.95;"C79857648";41788.0;0.0;"C335717894";69246.55;304549.5;0;0
396;"PAYMENT";53060.77;"C1060275803";185868.0;132807.23;"M710871639";0.0;0.0;0;0
42;"PAYMENT";12485.76;"C407603380";0.0;0.0;"M398252088";0.0;0.0;0;0
11;"CASH_OUT";325166.45;"C1349448041";289.0;0.0;"C304360013";115340.82;440507.27;0;0
162;"PAYMENT";2657.13;"C828673583";17942.29;15285.16;"M1395301372";0.0;0.0;0;0
302;"PAYMENT";2109.24;"C1792880668";99912.0;97802.76;"M1213932957";0.0;0.0;0;0
162;"CASH_IN";77931.57;"C1619567376";19141.0;97072.57;"C436281885";59267.08;0.0;0;0
225;"PAYMENT";3474.41;"C1793594752";0.0;0.0;"M686835795";0.0;0.0;0;0
163;"TRANSFER";916953.84;"C1884173022";0.0;0.0;"C1789894648";1396558.32;2313512.15;0;0
236;"PAYMENT";1511.25;"C515367124";0.0;0.0;"M1521796174";0.0;0.0;0;0
397;"CASH_OUT";16317.04;"C1358983088";11849.0;0.0;"C352162857";617789.05;634106.1;0;0
353;"TRANSFER";88291.3;"C818138987";0.0;0.0;"C1398066357";427272.57;515563.86;0;0
281;"PAYMENT";9037.08;"C1076209146";496810.75;487773.67;"M1802169902";0.0;0.0;0;0
345;"PAYMENT";10525.21;"C733779826";125790.25;115265.04;"M663275421";0.0;0.0;0;0
398;"CASH_OUT";273727.36;"C800964385";30152.0;0.0;"C1284101770";122809.14;396536.5;0;0
38;"PAYMENT";3779.4;"C1356851917";0.0;0.0;"M224139506";0.0;0.0;0;0
183;"CASH_OUT";344800.64;"C1102628728";0.0;0.0;"C1721213033";1897875.01;2242675.65;0;0
180;"CASH_IN";170376.73;"C1286425378";12227.0;182603.73;"C295499536";65265.44;0.0;0;0
260;"PAYMENT";5161.27;"C1403413093";15386.0;10224.73;"M322140842";0.0;0.0;0;0
686;"PAYMENT";26710.69;"C60572308";43410.0;16699.31;"M368077794";0.0;0.0;0;0
236;"CASH_OUT";72371.99;"C1763241323";0.0;0.0;"C1041184277";9162548.53;9234920.52;0;0
135;"PAYMENT";35706.74;"C1573107309";0.0;0.0;"M1481840595";0.0;0.0;0;0
346;"DEBIT";4554.33;"C334960799";0.0;0.0;"C870092442";856357.18;860911.52;0;0
571;"CASH_IN";89158.22;"C1524847140";9514520.63;9603678.84;"C1378510257";201096.13;111937.91;0;0
285;"PAYMENT";3458.78;"C1158091779";12839.0;9380.22;"M459315049";0.0;0.0;0;0
190;"PAYMENT";9145.28;"C626400970";0.0;0.0;"M1203111395";0.0;0.0;0;0
300;"PAYMENT";24842.25;"C1001822076";150.0;0.0;"M2137314664";0.0;0.0;0;0
253;"CASH_IN";410481.82;"C2000125963";17177062.64;17587544.46;"C1898129857";476808.25;66326.43;0;0
369;"TRANSFER";3284555.43;"C558048646";0.0;0.0;"C1616516353";10745398.37;14029953.79;0;0
226;"CASH_IN";151087.69;"C182379148";1728107.36;1879195.05;"C1697799390";2982884.92;2831797.23;0;0
402;"PAYMENT";25276.43;"C1093386540";41491.0;16214.57;"M351851019";0.0;0.0;0;0
476;"CASH_IN";347660.39;"C1589061706";1589859.59;1937519.98;"C912307611";640538.71;292878.31;0;0
186;"CASH_IN";240550.2;"C2058568542";123899.0;364449.2;"C1855605293";6576.14;0.0;0;0
202;"TRANSFER";977454.46;"C1445313028";0.0;0.0;"C73249682";1205985.15;2183439.61;0;0
283;"CASH_IN";212406.88;"C435369334";22629.0;235035.88;"C534571065";143153.11;0.0;0;0
308;"CASH_IN";157280.04;"C271716929";291432.35;448712.38;"C856433100";3001655.61;2844375.57;0;0
